breach_type,data_exposed,records_affected,compensation_amount,case_type,jurisdiction,time_since_breach,user_impact_level,documents_available,proof_strength,prior_claims,location_match,severity_score,deadline_remaining_days,legal_complexity_score,similarity_to_past_cases,eligibility_label,success_probability
retail,credit_card,4258950,1736,settement,EU,16,low,0,medium,0,0,71.0,77,5,0.53,2,0.6067
healthcare,SSN,5512934,959,lawsuit,India,87,low,4,low,1,0,77.0,66,4,0.94,2,0.3932
finance,password,3652387,9388,lawsuit,India,163,high,3,high,0,0,38.0,159,2,0.74,1,0.7895
tech,credit_card,4955582,9217,settement,US,357,medium,1,high,0,1,74.0,148,3,0.48,1,0.527
healthcare,email,2239057,2204,lawsuit,EU,133,high,2,medium,0,0,31.0,161,5,0.03,1,0.425
tech,password,7387133,7666,breach,India,19,low,1,low,1,1,56.0,125,7,0.65,0,0.0
finance,SSN,1884376,3426,settement,EU,245,high,3,high,0,1,59.0,130,5,0.99,1,0.9913
finance,credit_card,286711,9054,breach,India,267,low,2,low,1,1,51.0,136,4,0.99,0,0.0
retail,credit_card,7557855,7932,breach,EU,139,medium,3,medium,0,1,87.0,22,9,0.89,2,0.6931
retail,SSN,6757350,3120,breach,US,115,medium,2,high,0,1,83.0,8,5,0.41,2,0.6412
finance,credit_card,3361492,9270,lawsuit,EU,59,high,2,high,0,1,66.0,10,4,0.96,2,0.5048
tech,credit_card,572107,2843,breach,EU,104,low,0,low,0,0,52.0,35,6,0.88,0,0.0
healthcare,password,3284616,2359,breach,India,134,high,5,low,1,1,36.0,72,8,0.3,1,0.4393
retail,credit_card,6479450,6780,settement,EU,87,high,3,medium,0,1,82.0,50,5,0.18,2,0.5608
healthcare,password,7868791,338,breach,EU,16,high,0,low,1,0,59.0,172,6,0.91,1,0.3752
finance,credit_card,5310792,162,breach,US,39,high,3,low,0,1,76.0,118,5,0.45,2,0.4825
tech,password,2415802,9012,settement,US,240,high,0,high,1,1,32.0,122,3,0.35,1,0.3217
tech,SSN,3835242,8619,breach,EU,62,medium,5,medium,0,0,69.0,12,5,0.3,2,0.4512
tech,email,2254722,341,settement,India,22,high,3,medium,0,1,31.0,101,7,0.88,1,0.7546
finance,credit_card,3816144,3902,lawsuit,US,281,medium,2,high,0,1,69.0,123,2,0.4,1,0.5128
finance,SSN,377794,8564,lawsuit,India,127,medium,2,medium,0,0,51.0,163,10,0.15,0,0.0
retail,email,6300492,407,lawsuit,US,65,medium,3,medium,0,0,51.0,110,3,0.76,0,0.0
healthcare,SSN,7819114,6155,lawsuit,EU,177,high,2,low,0,1,89.0,132,10,0.97,2,0.5225
tech,password,3369045,3271,breach,US,6,low,0,medium,1,1,36.0,54,4,0.55,0,0.0
healthcare,SSN,1547236,4051,breach,EU,7,low,1,low,0,1,57.0,110,5,0.04,0,0.0
finance,password,6397567,728,breach,EU,120,low,4,medium,0,1,51.0,31,2,0.52,0,0.0
healthcare,email,3404096,3767,breach,India,305,medium,4,high,0,1,37.0,71,4,0.14,0,0.0
healthcare,password,3962676,5262,lawsuit,India,202,medium,4,medium,1,0,39.0,122,5,0.72,0,0.0
finance,email,7586159,3590,breach,EU,337,low,0,low,1,1,57.0,47,8,0.94,0,0.0
healthcare,email,2766331,7181,settement,US,82,medium,0,medium,0,1,33.0,25,8,0.85,0,0.0
healthcare,email,825143,1193,lawsuit,US,331,low,3,high,0,1,24.0,55,6,0.16,0,0.0
finance,email,4336518,7431,lawsuit,India,200,high,5,high,0,1,41.0,170,4,0.59,1,0.8435
healthcare,credit_card,7338694,4560,breach,US,61,low,1,high,0,1,86.0,165,10,0.05,2,0.4525
finance,SSN,3530801,9001,lawsuit,US,314,medium,0,low,0,0,67.0,79,4,0.1,1,0.3478
finance,credit_card,4901164,2042,breach,EU,146,high,2,high,0,1,74.0,8,1,0.12,2,0.4255
finance,SSN,2062774,3831,lawsuit,EU,363,low,1,medium,1,1,60.0,52,8,0.44,0,0.0
finance,SSN,7998488,6414,breach,EU,96,high,5,low,1,1,89.0,166,8,0.49,2,0.4201
healthcare,SSN,6429099,3954,breach,EU,213,high,3,low,0,1,82.0,106,1,0.35,2,0.5087
finance,password,9931855,5414,breach,India,81,high,2,high,0,1,69.0,54,4,0.92,1,0.5503
finance,email,972248,6011,settement,India,323,high,3,high,1,1,24.0,139,4,0.48,1,0.6172
finance,email,886421,1461,lawsuit,EU,352,low,4,high,0,0,24.0,18,2,0.38,0,0.0
finance,SSN,6502553,2825,breach,EU,234,medium,0,high,0,0,82.0,80,2,0.08,1,0.279
healthcare,SSN,9246234,3229,settement,India,165,low,0,medium,0,0,96.0,5,6,0.02,2,0.5175
tech,credit_card,1728408,2405,breach,India,259,medium,3,low,0,0,58.0,124,5,0.6,0,0.0
healthcare,SSN,4397720,5301,settement,India,24,high,2,low,0,1,71.0,101,3,0.69,2,0.5549
healthcare,SSN,4372047,1927,settement,India,133,low,4,high,1,1,71.0,104,9,0.74,2,0.7384
finance,password,6970129,684,lawsuit,EU,326,low,4,medium,0,1,54.0,123,4,0.58,0,0.0
finance,SSN,7189238,3742,breach,India,303,medium,2,medium,0,0,85.0,170,1,0.43,1,0.5661
healthcare,SSN,9124591,4007,settement,US,136,high,5,medium,0,1,95.0,90,10,0.26,2,0.6015
finance,password,6282646,4582,lawsuit,EU,129,high,0,high,0,0,51.0,171,2,0.22,1,0.3404
tech,email,2585182,1735,breach,US,342,low,5,medium,0,1,32.0,119,7,0.06,0,0.0
tech,password,176211,2568,settement,US,90,high,5,low,1,1,20.0,89,2,0.21,1,0.3156
finance,credit_card,1380904,1992,settement,US,45,medium,0,high,0,1,56.0,127,8,0.08,0,0.0
healthcare,password,4228995,1574,settement,US,203,medium,1,high,0,1,41.0,147,1,0.9,0,0.0
retail,SSN,8019006,3094,lawsuit,India,107,medium,2,low,0,1,90.0,20,7,0.46,2,0.472
tech,email,2649202,1196,lawsuit,US,298,low,4,medium,0,0,33.0,110,4,0.82,0,0.0
healthcare,SSN,2532528,9903,settement,US,159,medium,4,medium,0,1,62.0,161,2,0.39,2,0.6036
retail,credit_card,2771374,3236,settement,US,2,medium,0,medium,0,0,63.0,176,5,0.29,2,0.452
retail,password,4589727,5652,lawsuit,India,290,low,3,medium,0,0,42.0,127,6,0.17,0,0.0
tech,password,2780499,5551,settement,US,200,high,2,medium,0,1,33.0,117,2,0.55,1,0.6632
healthcare,SSN,3558689,631,settement,India,287,high,5,high,0,1,67.0,69,8,0.49,2,0.8006
healthcare,SSN,3912146,744,breach,India,196,high,4,high,0,1,69.0,17,1,0.32,2,0.7533
tech,password,9043832,1115,settement,India,331,low,1,medium,0,0,65.0,12,10,0.15,0,0.0
retail,credit_card,2882777,8407,lawsuit,US,341,medium,0,low,0,1,64.0,76,8,0.49,1,0.5165
healthcare,credit_card,4964401,1888,breach,EU,103,low,4,high,0,1,74.0,76,8,0.13,2,0.7062
healthcare,credit_card,4415084,265,lawsuit,EU,275,high,2,high,1,1,72.0,122,7,0.44,2,0.4123
retail,password,4461276,5658,settement,India,238,medium,2,high,0,1,42.0,47,4,0.57,0,0.0
finance,SSN,818052,7262,breach,US,108,high,1,medium,1,1,54.0,125,10,0.17,1,0.4417
healthcare,credit_card,6851807,791,breach,US,356,medium,3,low,0,0,84.0,129,4,0.29,1,0.3979
healthcare,password,8358998,9308,lawsuit,EU,157,high,0,medium,0,0,61.0,101,8,0.61,1,0.5392
finance,credit_card,5164515,8057,breach,India,280,low,0,medium,0,1,75.0,120,10,0.29,1,0.6837
retail,email,258354,1504,breach,EU,167,medium,0,medium,1,1,21.0,83,2,0.68,0,0.0
healthcare,email,1674879,8575,settement,EU,225,low,4,medium,1,1,28.0,111,9,0.3,0,0.0
finance,password,1354324,7074,breach,US,82,high,0,low,0,0,26.0,58,8,0.36,1,0.39
healthcare,email,9641686,3312,lawsuit,India,319,high,2,low,0,1,68.0,177,8,0.02,1,0.4242
tech,email,4465344,9547,settement,US,279,low,1,low,1,1,42.0,91,6,0.34,0,0.0
healthcare,email,4078716,3175,breach,India,255,medium,4,medium,0,1,40.0,158,8,0.47,0,0.0
finance,email,4755619,242,lawsuit,US,35,high,0,high,1,1,43.0,128,6,0.79,1,0.4545
healthcare,SSN,7641167,4040,settement,EU,141,medium,5,low,0,1,88.0,179,10,0.82,2,0.5865
healthcare,password,1781752,4496,lawsuit,EU,202,medium,0,low,1,1,28.0,174,3,0.28,0,0.0
retail,password,7335901,3352,lawsuit,US,285,medium,5,low,0,0,56.0,106,10,0.83,0,0.0
finance,password,8154113,6481,settement,EU,57,medium,1,high,0,0,60.0,61,5,0.94,0,0.0
tech,SSN,7157406,1074,breach,US,32,high,0,high,0,0,85.0,0,6,0.0,0,0.0
retail,SSN,7984439,2800,breach,US,140,high,1,low,1,1,89.0,37,8,0.13,2,0.3848
healthcare,SSN,2844236,465,settement,US,196,medium,4,high,0,1,64.0,108,4,0.31,1,0.76
retail,SSN,6525559,3174,lawsuit,US,291,high,1,low,0,1,82.0,92,3,0.51,2,0.5311
finance,email,5508683,8381,breach,India,152,high,1,low,0,1,47.0,75,2,0.15,1,0.4045
finance,email,7233212,9913,lawsuit,US,318,medium,3,medium,0,1,56.0,34,9,0.38,0,0.0
tech,password,6889260,5880,breach,EU,153,low,4,medium,0,1,54.0,74,5,0.7,0,0.0
finance,email,7998043,5883,breach,India,37,low,2,high,1,1,59.0,129,6,0.49,0,0.0
finance,password,4477321,8568,lawsuit,India,55,low,3,high,0,0,42.0,86,8,0.24,0,0.0
tech,SSN,9213863,5976,settement,India,40,medium,5,high,1,1,96.0,97,6,0.32,2,0.6802
retail,password,4667805,6851,breach,India,253,medium,3,low,0,1,43.0,145,4,0.51,0,0.0
healthcare,password,6194367,9241,settement,EU,207,medium,0,low,0,0,50.0,167,4,0.55,0,0.0
finance,email,7984823,8892,lawsuit,EU,189,high,1,low,0,0,59.0,108,8,0.83,1,0.4367
retail,credit_card,1460700,1981,breach,US,246,high,3,medium,0,1,57.0,44,5,0.51,1,0.5911
healthcare,credit_card,1298638,3049,breach,EU,305,low,1,low,0,1,56.0,122,4,0.62,0,0.0
healthcare,SSN,1827525,2111,lawsuit,EU,359,low,0,low,0,1,59.0,146,7,0.32,0,0.0
tech,SSN,7085609,7842,breach,India,101,high,0,medium,1,1,85.0,112,6,0.39,2,0.4995
healthcare,email,3684909,2144,settement,US,350,medium,1,medium,1,0,38.0,142,9,0.58,0,0.0
healthcare,email,3285321,770,settement,India,44,high,1,medium,0,1,36.0,136,4,0.94,1,0.7093
finance,email,6675192,2810,breach,India,245,low,5,low,0,0,53.0,126,10,0.22,0,0.0
tech,email,9089147,3403,breach,EU,225,low,4,medium,0,1,65.0,136,10,0.13,0,0.0
tech,password,2847230,2532,breach,US,217,low,0,medium,0,0,34.0,30,6,0.53,0,0.0
healthcare,email,2522279,6409,settement,EU,336,high,5,high,1,0,32.0,132,10,0.58,1,0.6379
finance,password,6408054,7638,lawsuit,India,167,low,5,high,0,0,52.0,143,6,0.37,0,0.0
finance,SSN,9177748,3772,lawsuit,EU,356,low,0,high,0,0,95.0,103,7,0.82,1,0.3889
retail,credit_card,8242353,436,breach,India,239,medium,0,medium,1,1,91.0,86,6,0.37,1,0.4085
healthcare,SSN,4152785,6339,lawsuit,EU,135,medium,5,high,0,0,70.0,70,7,0.34,2,0.777
tech,email,6017854,2742,lawsuit,India,258,medium,0,high,0,1,50.0,118,1,0.87,0,0.0
healthcare,SSN,4837917,4032,lawsuit,India,68,medium,1,low,1,0,74.0,156,7,0.26,2,0.3181
healthcare,password,7271518,3062,settement,US,137,high,3,high,0,0,56.0,165,9,0.46,1,0.758
retail,password,2382486,4159,lawsuit,US,114,high,3,medium,0,0,31.0,16,2,0.67,1,0.6346
finance,SSN,2393919,1730,lawsuit,EU,42,high,2,medium,0,0,61.0,120,1,0.7,2,0.5148
healthcare,email,8144179,6631,lawsuit,India,167,high,3,low,0,1,60.0,50,7,0.01,1,0.4111
healthcare,credit_card,6125152,1075,breach,EU,363,medium,4,high,0,1,80.0,18,7,0.65,1,0.8484
healthcare,SSN,2552331,5545,lawsuit,EU,116,high,0,low,0,0,62.0,86,4,0.19,2,0.3389
finance,credit_card,6516350,8225,settement,EU,246,high,3,high,1,1,82.0,67,3,0.12,2,0.5922
finance,password,9986461,4039,lawsuit,US,300,low,5,medium,0,0,69.0,45,1,0.86,0,0.0
retail,password,5239631,4691,breach,EU,29,medium,5,high,0,0,46.0,153,6,0.67,0,0.0
retail,email,5833801,3712,breach,India,160,low,5,high,0,1,49.0,161,7,0.22,0,0.0
retail,email,3288093,1914,breach,India,94,low,1,medium,0,1,36.0,22,5,0.13,0,0.0
retail,credit_card,9956951,9167,breach,EU,76,high,5,low,0,1,99.0,33,2,0.23,2,0.4584
healthcare,credit_card,5317741,4457,lawsuit,US,141,low,5,medium,1,1,76.0,24,7,0.82,2,0.6789
finance,credit_card,7205776,1646,settement,India,193,low,5,high,0,1,86.0,100,4,0.38,1,0.8284
tech,password,3917643,4829,breach,US,299,low,1,low,1,1,39.0,12,6,0.46,0,0.0
retail,credit_card,9803630,4534,lawsuit,EU,346,low,0,medium,1,1,99.0,148,6,0.49,1,0.4648
retail,SSN,2771742,3316,breach,EU,88,low,4,low,1,1,63.0,125,6,0.83,2,0.4489
healthcare,SSN,2660083,702,lawsuit,US,9,medium,2,medium,0,1,63.0,90,10,0.18,2,0.6076
tech,credit_card,8344528,1864,breach,India,303,medium,1,high,0,1,91.0,126,7,0.62,1,0.5359
healthcare,password,3595058,5410,lawsuit,US,50,high,0,low,0,1,37.0,61,9,0.89,1,0.5874
healthcare,credit_card,5306431,7123,breach,EU,203,low,4,medium,0,0,76.0,5,2,0.58,1,0.5979
healthcare,email,6495503,414,lawsuit,EU,328,medium,5,low,0,1,52.0,3,3,0.89,0,0.0
healthcare,credit_card,3679621,1549,breach,EU,144,high,5,low,1,0,68.0,27,5,0.32,2,0.2917
healthcare,password,8300350,9231,settement,US,270,high,0,high,1,1,61.0,142,1,0.78,1,0.4254
retail,email,2845180,6715,settement,EU,223,medium,5,low,0,0,34.0,6,2,0.5,0,0.0
finance,email,2109542,996,settement,EU,26,high,1,medium,1,1,30.0,112,8,0.42,1,0.4071
tech,password,5440381,4047,breach,EU,276,high,0,medium,0,0,47.0,19,9,0.84,1,0.5763
tech,SSN,4778402,4727,settement,EU,141,low,3,low,0,0,73.0,134,9,0.97,2,0.5879
retail,credit_card,9728094,6319,settement,India,223,low,3,high,0,1,98.0,64,5,0.28,1,0.7777
healthcare,email,9616754,8715,breach,US,349,medium,3,low,0,1,68.0,123,4,0.14,0,0.0
tech,email,2409630,1795,settement,EU,204,high,0,high,0,0,32.0,178,2,0.98,1,0.4541
finance,password,3034349,1151,settement,India,10,high,5,low,1,1,35.0,163,2,0.29,1,0.3324
tech,SSN,5574694,1817,lawsuit,India,325,medium,3,high,0,1,77.0,111,5,0.39,1,0.8347
healthcare,password,5125674,4061,settement,India,104,medium,1,high,1,0,45.0,165,8,0.1,0,0.0
retail,credit_card,5606126,3738,lawsuit,India,277,high,4,low,0,1,78.0,133,3,0.78,2,0.5082
tech,credit_card,1196885,5468,breach,US,210,low,0,low,0,0,55.0,32,7,0.64,0,0.0
tech,email,2712793,1406,breach,US,123,low,3,low,0,1,33.0,161,7,0.04,0,0.0
retail,SSN,9999081,3196,breach,India,230,medium,0,medium,1,0,99.0,169,7,0.21,1,0.4051
tech,email,9427944,6200,breach,India,154,medium,2,low,0,0,67.0,52,2,0.58,0,0.0
finance,email,1985117,7015,lawsuit,EU,206,low,5,high,0,1,29.0,126,6,0.05,0,0.0
healthcare,email,9341854,5157,breach,India,86,low,4,medium,1,0,66.0,151,1,0.06,0,0.0
healthcare,credit_card,9936869,7340,settement,EU,341,low,1,high,0,0,99.0,158,8,0.15,1,0.3045
retail,email,5989099,9378,lawsuit,EU,104,low,3,high,0,1,49.0,17,5,0.53,0,0.0
retail,credit_card,5920626,8511,breach,EU,56,high,4,high,0,0,79.0,117,1,0.74,2,0.781
tech,email,5586709,5769,settement,EU,81,low,4,low,0,1,47.0,116,9,0.26,0,0.0
finance,credit_card,3691583,9650,lawsuit,India,11,high,4,high,0,1,68.0,111,7,0.45,2,0.7859
healthcare,SSN,2519638,3590,lawsuit,US,289,low,1,low,0,0,62.0,44,1,0.59,1,0.4128
healthcare,SSN,1657321,9795,settement,India,318,high,0,low,1,1,58.0,67,8,0.98,1,0.553
tech,SSN,6985297,6873,settement,EU,144,medium,3,low,0,0,84.0,125,1,0.98,2,0.5352
tech,credit_card,6328090,6239,settement,US,138,high,2,medium,1,1,81.0,60,10,0.63,2,0.4719
tech,email,6113674,2014,settement,India,78,high,2,medium,0,1,50.0,53,8,0.23,1,0.5947
finance,SSN,7558260,6786,settement,US,278,low,1,low,0,1,87.0,158,4,0.97,1,0.615
finance,email,4202765,9204,breach,EU,132,medium,0,high,1,0,41.0,33,7,0.01,0,0.0
tech,email,1193931,9597,lawsuit,EU,99,high,4,medium,0,1,25.0,70,10,0.38,1,0.6434
tech,credit_card,9601177,7028,lawsuit,India,128,medium,0,medium,0,1,98.0,59,7,0.63,2,0.6284
tech,credit_card,3497605,5734,settement,US,320,low,3,high,0,0,67.0,16,3,0.91,1,0.7587
retail,SSN,9491536,5855,breach,India,335,low,5,medium,0,0,97.0,89,4,0.54,1,0.5076
finance,SSN,9912142,3264,lawsuit,US,142,high,5,medium,0,1,99.0,11,9,0.61,2,0.6825
healthcare,credit_card,8946326,9075,settement,US,311,high,2,medium,0,1,94.0,102,6,0.6,2,0.6838
retail,SSN,3638820,9571,lawsuit,US,113,high,0,high,0,0,68.0,6,2,0.02,2,0.3323
tech,email,677296,4786,lawsuit,India,338,medium,0,high,0,0,23.0,117,2,0.09,0,0.0
tech,SSN,5562112,719,breach,US,256,medium,1,medium,0,0,77.0,14,7,0.33,1,0.5677
healthcare,email,3766056,5017,settement,US,36,low,0,high,0,0,38.0,104,1,0.91,0,0.0
healthcare,credit_card,1407368,2358,settement,US,357,low,3,medium,1,0,57.0,171,7,0.29,0,0.0
healthcare,SSN,3899190,9777,breach,US,253,high,3,low,0,0,69.0,160,8,0.98,2,0.5069
retail,credit_card,6714070,2873,breach,EU,147,medium,2,low,0,1,83.0,165,1,0.18,2,0.4483
healthcare,SSN,8660522,9282,settement,India,43,high,1,low,0,1,93.0,36,7,0.64,2,0.4963
finance,credit_card,3892113,8248,settement,US,270,low,3,high,1,1,69.0,49,10,0.83,1,0.7441
retail,SSN,5057093,8169,settement,EU,266,low,0,low,0,1,75.0,132,10,0.25,1,0.3907
tech,email,7254817,7404,settement,US,183,low,1,medium,0,0,56.0,3,3,0.2,0,0.0
healthcare,email,293575,8478,breach,EU,272,medium,4,low,0,0,21.0,164,7,0.8,0,0.0
finance,SSN,2228503,349,lawsuit,US,130,low,5,high,0,1,61.0,108,7,0.35,2,0.7923
healthcare,email,5045842,6202,settement,EU,332,medium,2,high,0,0,45.0,151,4,0.64,0,0.0
finance,email,7171837,1651,lawsuit,EU,310,medium,4,medium,0,1,55.0,8,6,0.57,0,0.0
tech,credit_card,8678571,4694,settement,India,157,high,0,medium,0,1,93.0,50,8,0.82,2,0.8544
tech,credit_card,2149091,7326,lawsuit,India,124,low,1,medium,0,1,60.0,176,7,0.54,0,0.0
healthcare,email,8911606,9753,breach,EU,77,high,1,high,0,1,64.0,1,3,0.22,1,0.4481
retail,SSN,1257715,3848,breach,India,80,high,4,medium,0,1,56.0,18,10,0.65,1,0.6944
healthcare,email,8065220,239,settement,EU,100,medium,0,medium,1,0,60.0,103,5,0.38,0,0.0
tech,SSN,9144558,6336,breach,EU,263,high,0,high,0,1,95.0,134,6,0.98,2,0.5856
healthcare,email,3373455,7792,breach,India,353,low,3,medium,1,0,36.0,157,10,0.32,0,0.0
healthcare,password,7421105,2694,settement,US,141,high,5,high,0,1,57.0,14,8,0.9,1,0.9564
finance,password,7383003,957,breach,US,293,high,4,high,0,1,56.0,91,10,0.96,1,0.9319
healthcare,credit_card,6704560,4904,settement,India,153,low,3,medium,0,1,83.0,109,7,0.88,2,0.7319
finance,SSN,6445345,8790,breach,India,141,medium,1,high,1,1,82.0,178,4,0.07,2,0.2539
tech,SSN,6466377,2861,lawsuit,India,125,high,5,high,0,1,82.0,84,2,0.83,2,0.8698
retail,credit_card,5523567,1334,settement,EU,205,high,4,medium,0,1,77.0,90,1,0.56,2,0.6004
finance,email,808744,8363,settement,US,9,low,0,high,0,0,24.0,53,8,0.43,0,0.0
healthcare,SSN,7441449,3901,settement,EU,129,low,1,low,0,1,87.0,61,4,0.57,2,0.4891
retail,SSN,1275634,6211,breach,US,93,high,1,high,1,0,56.0,106,4,0.32,1,0.2728
tech,password,6898673,8027,breach,India,151,medium,0,high,0,0,54.0,104,3,0.69,0,0.0
finance,email,7984939,6897,settement,US,109,high,3,low,1,1,59.0,127,2,0.33,1,0.3223
retail,credit_card,6224754,5088,lawsuit,India,293,medium,4,high,1,0,81.0,85,10,0.04,1,0.4722
finance,email,6286939,6044,settement,India,180,low,3,high,0,1,51.0,166,8,0.52,0,0.0
tech,password,5048999,1090,settement,US,232,medium,3,medium,0,1,45.0,44,5,0.03,0,0.0
retail,SSN,2399083,7652,lawsuit,US,180,high,3,medium,0,0,61.0,164,2,0.63,2,0.501
tech,email,2457070,7336,settement,EU,63,high,3,high,0,1,32.0,90,8,0.66,1,0.7962
finance,email,3236192,4027,settement,India,362,low,5,high,0,1,36.0,160,6,0.62,0,0.0
retail,password,9910551,6126,lawsuit,EU,314,low,2,medium,0,1,69.0,114,1,0.56,0,0.0
finance,SSN,4991488,2950,breach,EU,326,medium,4,high,0,1,74.0,178,10,0.99,1,0.7978
tech,password,9575182,5070,lawsuit,India,56,high,4,high,0,1,67.0,176,3,0.35,1,0.7746
retail,email,7320764,4558,breach,India,10,low,3,low,0,1,56.0,27,9,0.89,0,0.0
healthcare,credit_card,2334679,5405,breach,EU,110,high,4,low,0,1,61.0,168,3,0.25,2,0.4598
tech,email,1889806,8666,settement,EU,86,high,2,low,0,0,29.0,166,4,0.55,1,0.4265
retail,email,6473652,5022,breach,US,292,medium,3,medium,0,0,52.0,55,5,0.43,0,0.0
retail,SSN,661902,3865,lawsuit,India,230,medium,0,low,0,1,53.0,146,8,0.98,0,0.0
finance,SSN,4076837,2635,breach,India,75,medium,4,medium,0,1,70.0,99,9,0.27,2,0.6019
tech,credit_card,8314157,2297,lawsuit,EU,246,low,1,low,0,1,91.0,161,9,0.98,1,0.695
retail,email,2520507,9060,lawsuit,India,344,low,5,medium,0,1,32.0,128,8,0.01,0,0.0
finance,credit_card,5335538,2013,settement,EU,291,high,4,medium,1,0,76.0,99,8,0.12,2,0.3093
retail,credit_card,5693796,1729,lawsuit,India,177,low,3,low,0,0,78.0,146,8,0.51,2,0.4123
finance,SSN,756111,1979,lawsuit,EU,319,medium,5,high,0,1,53.0,111,2,0.62,0,0.0
tech,SSN,9245655,672,lawsuit,EU,10,medium,5,medium,0,0,96.0,40,9,0.13,2,0.376
healthcare,password,881412,2917,settement,US,313,low,1,medium,0,0,24.0,113,4,0.99,0,0.0
tech,email,2536232,1720,lawsuit,EU,66,high,5,high,1,0,32.0,96,4,0.8,1,0.6666
healthcare,SSN,5454174,2666,lawsuit,US,330,medium,2,medium,0,0,77.0,79,9,0.55,1,0.5138
healthcare,email,9516406,1638,breach,US,9,low,1,high,0,1,67.0,36,10,0.79,0,0.0
tech,password,240779,4282,lawsuit,US,20,high,3,medium,0,0,21.0,18,7,0.33,1,0.5596
retail,SSN,5628745,9216,settement,EU,343,low,1,medium,1,1,78.0,33,5,0.72,1,0.5783
tech,password,2884791,4407,breach,EU,227,high,0,low,0,0,34.0,100,7,0.38,1,0.3266
tech,credit_card,6860216,3427,breach,US,237,high,4,high,0,0,84.0,108,1,0.8,2,0.7694
retail,credit_card,8655406,8255,lawsuit,EU,227,medium,5,medium,0,0,93.0,175,9,0.48,1,0.5418
retail,credit_card,8679376,6959,settement,India,237,low,4,high,0,1,93.0,63,10,0.82,1,0.8444
finance,credit_card,6982440,9812,settement,EU,239,high,3,low,0,1,84.0,64,1,0.01,2,0.4089
healthcare,SSN,7019523,7391,settement,US,128,low,0,low,0,1,85.0,3,4,0.92,2,0.5931
finance,password,7564493,5678,breach,India,339,low,5,medium,0,1,57.0,100,5,0.73,0,0.0
finance,password,1766524,3193,lawsuit,US,234,high,4,low,0,0,28.0,8,1,0.48,1,0.4108
retail,SSN,9327243,8569,lawsuit,EU,23,low,0,high,0,1,96.0,113,8,0.33,2,0.5153
finance,SSN,4000694,8447,lawsuit,India,20,medium,3,medium,1,0,70.0,26,6,0.62,2,0.446
tech,SSN,6128764,5241,breach,EU,130,high,4,low,0,0,80.0,12,4,0.09,2,0.314
tech,email,8198590,7604,settement,US,223,high,0,low,0,1,60.0,84,8,0.99,1,0.6379
finance,credit_card,5511493,7278,settement,US,47,high,2,medium,0,0,77.0,58,6,0.3,2,0.4992
tech,SSN,1186111,5174,lawsuit,India,186,low,1,medium,1,1,55.0,173,4,0.62,0,0.0
healthcare,credit_card,7418874,4106,breach,India,179,low,4,high,0,1,87.0,64,8,0.96,2,0.8364
finance,SSN,8803907,8821,lawsuit,EU,325,high,4,low,0,0,94.0,111,7,0.65,2,0.4762
finance,email,92006,2990,breach,EU,312,high,3,medium,0,1,20.0,72,6,0.69,1,0.6847
tech,SSN,7727360,7484,breach,EU,274,high,2,high,0,1,88.0,140,5,0.52,2,0.5194
tech,credit_card,5924098,9033,lawsuit,US,195,high,5,low,0,1,79.0,1,2,0.35,2,0.4617
finance,email,380039,2002,lawsuit,EU,67,high,2,high,0,1,21.0,121,9,0.08,1,0.3583
finance,password,9954678,9237,breach,EU,362,high,4,low,0,0,69.0,90,7,0.09,1,0.3241
tech,SSN,3953255,6496,settement,US,71,low,2,high,0,1,69.0,57,6,0.02,2,0.3575
tech,email,9948034,8439,breach,US,94,medium,0,medium,0,1,69.0,73,9,0.07,0,0.0
tech,password,3359509,7260,settement,India,161,high,5,low,0,1,36.0,168,6,0.02,1,0.4973
tech,SSN,2901737,8660,lawsuit,US,242,medium,4,low,0,0,64.0,85,9,0.94,1,0.4036
healthcare,password,9448933,301,lawsuit,India,115,medium,5,high,0,1,67.0,153,3,0.49,0,0.0
finance,password,9680818,3652,breach,India,337,medium,3,low,1,1,68.0,76,1,0.3,0,0.0
finance,SSN,6285851,6389,lawsuit,US,170,medium,1,low,1,1,81.0,50,10,0.44,2,0.3407
finance,SSN,3325664,5854,settement,US,229,high,5,low,0,1,66.0,43,7,0.62,2,0.5566
healthcare,credit_card,6048511,2515,settement,US,64,high,2,high,1,0,80.0,82,9,0.29,2,0.2976
healthcare,password,4702669,8790,breach,EU,154,low,2,low,0,1,43.0,93,8,0.28,0,0.0
finance,password,6631840,4813,breach,US,13,low,0,high,0,1,53.0,105,10,0.97,0,0.0
tech,SSN,3367823,9580,lawsuit,US,190,high,5,high,0,0,66.0,166,7,0.31,2,0.7409
healthcare,credit_card,4624636,7182,breach,EU,92,low,2,medium,0,1,73.0,168,2,0.14,2,0.5704
retail,SSN,3949401,9121,breach,India,243,high,2,low,1,1,69.0,140,4,0.45,2,0.4078
healthcare,email,1559242,1330,settement,EU,125,low,0,medium,1,0,27.0,22,8,0.86,0,0.0
healthcare,credit_card,6977610,9829,lawsuit,EU,162,low,4,medium,0,0,84.0,29,7,0.1,2,0.5222
tech,credit_card,3765455,916,breach,India,236,medium,5,medium,0,1,68.0,45,8,0.0,1,0.5081
healthcare,password,1251632,982,settement,India,163,high,2,medium,0,1,26.0,169,9,0.05,1,0.6641
tech,credit_card,1499339,2430,lawsuit,US,361,high,4,medium,1,1,57.0,134,2,0.2,1,0.5378
retail,SSN,3490429,5096,breach,EU,86,high,0,high,0,1,67.0,5,9,0.33,2,0.4446
retail,password,9972822,9554,breach,India,355,medium,3,medium,0,1,69.0,81,2,0.04,0,0.0
tech,password,1417953,9617,breach,EU,106,medium,1,medium,0,1,27.0,10,7,0.38,0,0.0
healthcare,email,5404252,6103,settement,EU,46,medium,4,low,0,1,47.0,146,7,0.74,0,0.0
tech,password,6517616,1296,lawsuit,EU,275,high,1,high,0,1,52.0,98,4,0.4,1,0.5253
healthcare,email,2162088,4857,breach,US,262,medium,5,low,0,1,30.0,41,8,0.62,0,0.0
healthcare,email,2128599,8740,lawsuit,US,240,low,2,low,0,1,30.0,96,9,0.44,0,0.0
tech,password,415994,7275,lawsuit,India,57,low,3,low,0,0,22.0,156,5,0.19,0,0.0
healthcare,email,2368555,3956,breach,EU,176,high,4,medium,0,1,31.0,67,2,0.04,1,0.5539
tech,email,4106223,1371,settement,EU,221,medium,3,medium,0,1,40.0,56,10,0.39,0,0.0
retail,email,4833691,1251,settement,US,206,medium,3,medium,0,0,44.0,12,3,0.99,0,0.0
healthcare,password,9867460,7068,lawsuit,US,33,high,4,high,0,0,69.0,46,1,0.36,1,0.6219
tech,password,9178376,3406,breach,India,189,low,5,low,1,1,65.0,177,8,0.28,0,0.0
finance,credit_card,4882909,9269,lawsuit,EU,354,medium,4,medium,0,1,74.0,3,9,0.85,1,0.7351
retail,password,6354385,608,breach,India,15,medium,2,high,0,1,51.0,174,9,0.64,0,0.0
healthcare,email,2594726,8567,breach,US,48,high,0,low,0,1,32.0,124,5,0.29,1,0.5307
healthcare,SSN,3802250,758,settement,EU,244,high,2,medium,0,1,69.0,110,8,0.14,2,0.5867
healthcare,email,2823136,7705,lawsuit,US,156,low,0,medium,0,1,34.0,15,2,0.98,0,0.0
tech,credit_card,2802445,6746,breach,India,313,high,4,medium,0,0,64.0,163,5,0.54,2,0.4945
retail,email,4903444,5670,lawsuit,India,122,high,2,high,0,1,44.0,157,8,0.23,1,0.4054
tech,password,4397650,5413,settement,US,48,high,5,low,0,1,41.0,153,3,0.78,1,0.4802
retail,password,7247813,1959,lawsuit,US,126,low,5,low,1,1,56.0,148,10,0.83,0,0.0
tech,email,8641145,1092,lawsuit,US,344,medium,1,high,0,1,63.0,15,3,0.3,0,0.0
finance,credit_card,7602723,3939,breach,India,165,medium,4,low,0,1,88.0,175,8,0.32,2,0.3444
retail,credit_card,1552330,7296,settement,US,360,high,5,medium,1,0,57.0,9,10,0.84,1,0.531
finance,credit_card,5630481,1232,settement,EU,283,low,3,low,0,1,78.0,98,10,0.35,1,0.5409
retail,SSN,8483626,6342,breach,US,134,low,4,medium,0,1,92.0,169,9,0.13,2,0.6654
retail,email,9861786,8762,breach,EU,8,high,0,low,0,0,69.0,7,2,0.31,1,0.4172
retail,SSN,8922334,7102,lawsuit,US,26,medium,0,low,1,1,94.0,74,3,0.73,2,0.5287
retail,email,182360,7851,breach,EU,119,high,3,medium,0,1,20.0,14,5,0.41,1,0.5527
healthcare,email,4383794,4336,settement,EU,123,medium,2,low,1,1,41.0,113,2,0.97,0,0.0
retail,email,9357169,4334,settement,EU,332,high,3,high,1,0,66.0,139,6,0.24,1,0.5241
retail,SSN,1550420,2885,breach,India,158,low,1,medium,1,1,57.0,22,4,0.66,0,0.0
healthcare,credit_card,5430219,3605,breach,India,353,high,3,low,1,1,77.0,20,7,0.91,2,0.4701
healthcare,credit_card,8337900,8950,settement,India,24,high,5,low,0,1,91.0,41,6,0.18,2,0.5084
retail,credit_card,8571556,4387,lawsuit,India,354,high,0,high,0,0,92.0,2,10,0.07,2,0.2466
healthcare,SSN,1981290,4670,breach,EU,26,low,0,medium,0,0,59.0,63,3,0.39,0,0.0
retail,password,1769967,1937,lawsuit,EU,313,high,2,low,0,1,28.0,26,7,0.77,1,0.4447
retail,credit_card,4269173,3203,breach,India,280,medium,1,low,0,1,71.0,108,9,0.32,1,0.4801
retail,SSN,7910699,1396,settement,EU,172,medium,3,high,0,1,89.0,158,5,0.36,2,0.7588
tech,email,8334648,8082,lawsuit,India,270,medium,1,medium,1,1,61.0,49,4,0.01,0,0.0
healthcare,SSN,7371683,3042,settement,EU,175,low,0,medium,0,1,86.0,43,7,0.6,2,0.6541
healthcare,email,6913880,6728,lawsuit,India,39,medium,4,high,0,1,54.0,144,8,0.77,0,0.0
retail,password,8013369,407,breach,India,150,low,1,medium,0,0,60.0,42,9,0.51,0,0.0
tech,SSN,5796250,4220,lawsuit,EU,258,low,3,medium,0,0,78.0,85,9,0.37,1,0.5283
finance,credit_card,7520817,6317,lawsuit,EU,60,medium,3,high,0,1,87.0,91,6,0.63,2,0.8458
healthcare,SSN,1539112,9841,settement,US,197,high,2,low,0,1,57.0,30,4,0.46,1,0.554
healthcare,credit_card,9806436,6134,settement,US,227,high,1,low,0,1,99.0,150,2,0.27,2,0.4438
healthcare,SSN,6217538,8852,lawsuit,EU,149,high,0,high,0,1,81.0,165,7,0.27,2,0.4557
finance,SSN,4118923,3523,settement,India,208,high,2,medium,0,1,70.0,33,6,0.63,2,0.6443
retail,SSN,1669321,5585,breach,India,278,low,4,low,1,1,58.0,76,9,0.65,0,0.0
tech,credit_card,2858281,6609,breach,EU,330,medium,4,medium,0,0,64.0,99,6,0.74,1,0.5833
retail,email,7941879,2091,lawsuit,India,244,high,4,high,0,1,59.0,140,6,0.18,1,0.7941
tech,SSN,2893478,7452,settement,US,218,low,3,high,0,1,64.0,1,5,0.77,1,0.8027
tech,SSN,6551091,4778,breach,India,358,high,2,low,1,1,82.0,59,5,0.77,2,0.4337
retail,email,2379907,7481,lawsuit,India,20,low,0,high,0,1,31.0,169,8,0.32,0,0.0
tech,credit_card,5969633,283,lawsuit,US,271,low,1,low,0,0,79.0,78,9,0.22,1,0.2631
tech,SSN,9634233,4299,breach,EU,364,low,2,medium,0,1,98.0,153,9,0.89,1,0.7381
retail,SSN,8942047,1889,breach,US,219,high,3,medium,0,1,94.0,134,4,0.88,2,0.8074
tech,SSN,8384190,8545,breach,EU,24,medium,3,high,1,1,91.0,133,2,0.2,2,0.7022
retail,SSN,5846447,7001,breach,US,337,medium,5,medium,0,0,79.0,161,1,0.25,1,0.5326
retail,SSN,126438,7509,breach,India,117,high,5,low,0,1,50.0,13,6,0.47,1,0.4192
tech,password,6031489,6574,lawsuit,EU,205,low,1,medium,0,1,50.0,107,6,0.41,0,0.0
tech,password,2079808,564,settement,US,22,low,3,low,0,1,30.0,28,10,0.22,0,0.0
tech,email,4328308,4991,settement,US,317,low,0,low,0,1,41.0,41,6,0.41,0,0.0
tech,SSN,30725,3744,settement,India,360,medium,5,high,0,1,50.0,17,3,0.91,0,0.0
finance,email,2798921,8195,lawsuit,EU,142,low,2,medium,0,0,33.0,32,5,0.2,0,0.0
retail,email,425226,8299,lawsuit,US,214,high,0,medium,0,1,22.0,46,10,0.97,1,0.7537
retail,credit_card,9545691,4721,lawsuit,India,281,high,5,low,1,1,97.0,126,1,0.95,2,0.5365
healthcare,credit_card,5277728,2572,lawsuit,US,284,low,0,high,0,1,76.0,35,3,0.38,1,0.4709
healthcare,password,7457688,286,settement,US,321,high,5,high,0,1,57.0,44,4,0.93,1,0.8419
retail,credit_card,3896958,4127,breach,India,115,high,1,low,0,1,69.0,134,5,0.42,2,0.543
tech,credit_card,5838196,3362,settement,EU,350,high,2,low,0,0,79.0,80,6,0.71,2,0.4237
healthcare,email,8827233,4720,breach,EU,201,high,3,medium,1,1,64.0,143,8,0.95,1,0.6091
tech,SSN,2871574,8579,breach,US,143,high,2,medium,0,1,64.0,117,7,0.17,2,0.5391
retail,credit_card,338913,3891,breach,EU,215,high,4,high,0,1,51.0,113,5,0.38,1,0.772
healthcare,password,873328,825,lawsuit,India,177,high,5,medium,0,1,24.0,70,2,0.75,1,0.7315
tech,email,9784893,1973,breach,India,268,low,4,low,0,1,68.0,130,10,0.34,0,0.0
finance,email,5899885,6147,lawsuit,India,313,high,3,high,0,1,49.0,101,5,0.61,1,0.7281
finance,credit_card,4364089,9990,settement,US,228,medium,1,high,1,0,71.0,22,6,0.04,1,0.1125
retail,SSN,3879363,8405,breach,US,186,high,4,medium,1,1,69.0,39,10,0.63,2,0.6667
finance,credit_card,7090478,7136,lawsuit,US,331,medium,4,medium,0,1,85.0,48,9,0.92,1,0.7256
healthcare,email,2539143,2886,settement,India,41,medium,2,medium,0,1,32.0,12,3,0.33,0,0.0
retail,credit_card,8693832,2949,lawsuit,EU,284,high,3,high,0,0,93.0,23,8,0.2,2,0.6204
finance,password,3843411,3550,breach,US,114,medium,4,medium,0,1,39.0,30,9,0.49,0,0.0
healthcare,credit_card,6891709,3454,settement,EU,10,high,4,high,0,1,84.0,40,10,0.64,2,0.7797
tech,email,6527925,6109,breach,India,158,low,1,medium,0,1,52.0,39,2,0.03,0,0.0
tech,password,6049055,4109,lawsuit,US,151,low,3,low,1,1,50.0,141,3,0.57,0,0.0
healthcare,credit_card,6050531,9320,lawsuit,India,287,medium,1,medium,0,1,80.0,120,3,0.16,1,0.5592
retail,SSN,2637722,8235,breach,India,296,low,4,low,0,1,63.0,92,6,0.54,1,0.6247
finance,email,238199,4624,settement,US,105,low,2,low,0,0,21.0,63,1,0.45,0,0.0
tech,credit_card,5652944,8139,breach,US,231,high,5,low,0,1,78.0,48,3,0.85,2,0.5468
retail,credit_card,6271016,2248,lawsuit,EU,299,low,4,high,1,1,81.0,121,1,0.12,1,0.6185
retail,credit_card,8945718,1393,lawsuit,EU,156,medium,2,high,0,1,94.0,5,9,0.24,2,0.5067
tech,email,9547263,5264,settement,EU,224,low,3,low,0,1,67.0,123,1,0.76,0,0.0
healthcare,password,9062826,6722,lawsuit,EU,42,high,3,high,0,0,65.0,9,8,0.36,1,0.6996
tech,credit_card,4021120,1548,settement,India,337,high,2,medium,1,0,70.0,130,6,0.56,2,0.5063
tech,password,2727016,1618,settement,EU,74,low,4,high,0,0,33.0,108,3,0.27,0,0.0
finance,password,2165412,8133,lawsuit,EU,164,medium,4,low,0,1,30.0,172,5,0.74,0,0.0
finance,credit_card,4747771,7132,lawsuit,US,338,medium,4,medium,0,0,73.0,144,1,0.47,1,0.4809
retail,email,1229807,1022,breach,US,327,low,4,low,0,0,26.0,20,10,0.61,0,0.0
healthcare,email,7468866,3924,settement,India,19,high,3,high,1,0,57.0,113,2,0.03,1,0.4924
finance,SSN,9423794,9479,breach,India,191,low,4,low,1,1,97.0,132,9,0.7,1,0.431
healthcare,password,8310411,6331,lawsuit,EU,249,low,1,high,0,0,61.0,176,3,0.42,0,0.0
finance,password,1165795,7312,settement,EU,356,low,0,medium,0,0,25.0,48,7,0.33,0,0.0
finance,SSN,8545291,5067,settement,EU,289,medium,2,high,0,1,92.0,123,9,0.73,1,0.6062
retail,credit_card,4108834,1674,lawsuit,EU,187,high,3,medium,0,1,70.0,45,2,0.8,2,0.7885
finance,SSN,8418944,6899,settement,US,176,high,4,low,0,1,92.0,96,4,0.38,2,0.4831
tech,SSN,1405355,8744,lawsuit,EU,66,medium,2,medium,0,0,57.0,67,7,0.18,0,0.0
tech,email,7324988,252,breach,EU,139,low,1,low,0,1,56.0,68,3,0.3,0,0.0
tech,password,4823139,2943,settement,EU,111,low,4,high,0,1,44.0,129,4,0.73,0,0.0
healthcare,email,4339843,2509,settement,India,325,high,5,low,0,1,41.0,30,2,0.17,1,0.3927
retail,password,6315768,7391,settement,India,136,medium,4,high,0,1,51.0,45,4,0.46,0,0.0
retail,credit_card,6593910,9575,lawsuit,EU,89,medium,0,low,1,1,82.0,145,8,0.47,2,0.4271
healthcare,credit_card,3071771,3025,breach,India,350,high,5,high,0,0,65.0,52,4,0.72,2,0.7144
tech,credit_card,6418954,5313,settement,EU,323,low,1,medium,0,0,82.0,174,3,0.42,1,0.5274
retail,credit_card,9591446,9118,settement,EU,53,high,0,low,0,1,97.0,95,4,0.44,2,0.4159
healthcare,email,3453501,5267,lawsuit,India,273,high,0,high,0,1,37.0,133,3,0.14,1,0.3628
tech,credit_card,6270324,8499,settement,US,39,low,1,high,0,1,81.0,165,9,0.2,2,0.391
tech,SSN,807564,2117,settement,EU,234,high,5,low,0,1,54.0,130,4,0.87,1,0.5675
tech,email,9852044,2482,lawsuit,EU,161,low,3,low,0,1,69.0,47,1,0.29,0,0.0
healthcare,credit_card,6035722,2540,settement,US,270,low,1,high,1,1,80.0,8,7,0.75,1,0.5629
finance,email,1990968,7774,settement,EU,288,low,0,medium,1,1,29.0,111,6,0.12,0,0.0
retail,password,765265,8054,lawsuit,EU,9,medium,4,medium,0,1,23.0,89,5,0.09,0,0.0
finance,credit_card,7403324,6051,settement,EU,113,low,3,low,0,1,87.0,171,9,0.38,2,0.5521
tech,password,5860046,8601,settement,India,84,high,2,medium,0,1,49.0,145,10,0.19,1,0.6066
finance,email,7992208,7570,breach,India,66,low,0,low,1,0,59.0,78,7,0.63,0,0.0
retail,SSN,539645,3892,settement,US,315,medium,5,medium,0,0,52.0,159,5,0.92,0,0.0
retail,credit_card,7090975,6221,lawsuit,US,233,low,0,high,0,1,85.0,73,5,0.7,1,0.4781
retail,credit_card,6652143,8991,lawsuit,India,288,high,5,low,1,1,83.0,120,3,0.23,2,0.3955
retail,SSN,1004171,9356,breach,EU,310,low,4,medium,0,1,55.0,49,5,0.11,0,0.0
retail,password,1964571,7837,lawsuit,India,304,high,3,low,0,1,29.0,73,1,0.25,1,0.4786
tech,credit_card,2662637,787,lawsuit,US,257,low,3,medium,0,0,63.0,62,2,0.37,1,0.5241
healthcare,email,1520603,1729,lawsuit,US,219,low,1,medium,0,1,27.0,7,7,0.05,0,0.0
retail,email,3803986,8899,settement,EU,128,low,4,medium,0,1,39.0,91,8,0.25,0,0.0
tech,password,9726529,3800,settement,India,6,high,3,medium,0,1,68.0,102,10,0.34,1,0.6297
tech,password,6675851,1217,lawsuit,India,176,medium,3,medium,0,1,53.0,175,5,0.31,0,0.0
retail,password,4501398,8785,lawsuit,EU,113,high,1,high,0,0,42.0,52,5,0.7,1,0.4161
healthcare,email,6607963,3932,settement,India,187,low,2,low,0,1,53.0,125,3,0.89,0,0.0
tech,credit_card,2166251,8243,settement,EU,232,high,5,medium,1,1,60.0,97,8,0.21,1,0.5756
tech,password,3215850,1800,lawsuit,EU,170,low,3,high,0,1,36.0,38,7,0.86,0,0.0
healthcare,credit_card,7095176,961,lawsuit,EU,128,high,1,medium,0,0,85.0,80,7,0.23,2,0.608
healthcare,SSN,4451252,4068,breach,India,272,high,5,low,0,1,72.0,144,9,0.45,2,0.4755
retail,SSN,4415473,1842,settement,India,213,medium,3,high,0,0,72.0,78,5,0.2,1,0.6211
tech,email,78175,1357,settement,EU,321,medium,1,medium,0,1,20.0,99,1,0.27,0,0.0
retail,credit_card,7289538,2168,settement,EU,135,low,2,low,0,1,86.0,73,4,0.26,2,0.4121
retail,password,3106958,4416,lawsuit,EU,198,high,3,high,0,1,35.0,22,1,0.04,1,0.7606
healthcare,password,8553442,5850,settement,US,216,medium,0,low,0,1,62.0,108,7,0.46,0,0.0
tech,credit_card,9989400,102,lawsuit,EU,34,high,4,medium,0,0,99.0,175,1,0.26,2,0.4701
finance,email,5182057,9682,settement,India,199,low,1,high,0,0,45.0,129,4,0.96,0,0.0
finance,credit_card,5338355,4976,lawsuit,US,66,low,4,medium,0,0,76.0,2,3,0.37,2,0.5535
finance,password,979836,5383,breach,US,273,low,3,medium,0,1,24.0,48,9,0.57,0,0.0
tech,email,1961155,9832,settement,India,31,high,4,medium,0,0,29.0,78,7,0.07,1,0.4822
healthcare,credit_card,5302533,2966,breach,EU,90,low,5,medium,0,1,76.0,1,7,0.12,2,0.5767
tech,email,985156,6892,lawsuit,India,190,low,0,low,0,1,24.0,42,4,0.52,0,0.0
healthcare,credit_card,5088692,7578,lawsuit,India,209,high,0,high,0,1,75.0,67,1,0.41,2,0.5148
finance,password,2703994,6363,settement,EU,26,medium,3,low,1,1,33.0,44,4,0.82,0,0.0
retail,email,372616,5810,breach,US,190,low,0,low,0,1,21.0,81,2,0.96,0,0.0
finance,password,2893371,9096,lawsuit,India,94,high,3,medium,0,1,34.0,20,9,0.44,1,0.6268
finance,password,4438610,5027,lawsuit,US,19,high,5,medium,0,0,42.0,132,3,0.16,1,0.4672
retail,email,6417438,5910,settement,EU,182,high,5,high,0,0,52.0,137,9,0.75,1,0.7064
retail,SSN,9882901,2279,lawsuit,India,259,high,1,low,0,1,99.0,125,7,0.16,2,0.4102
healthcare,SSN,2832569,6583,breach,EU,23,medium,4,medium,0,1,64.0,164,10,0.11,2,0.532
healthcare,credit_card,2234706,9140,lawsuit,EU,299,medium,5,high,0,1,61.0,45,10,0.08,1,0.6474
finance,password,9687427,5026,settement,US,193,medium,0,medium,0,1,68.0,96,9,0.36,0,0.0
tech,password,7575587,1955,settement,India,214,high,1,medium,0,1,57.0,18,5,0.59,1,0.6121
healthcare,password,1034316,2954,settement,India,333,low,5,high,0,0,25.0,49,9,0.17,0,0.0
healthcare,credit_card,9725700,1351,breach,India,138,low,2,low,0,1,98.0,155,1,0.5,2,0.5361
retail,SSN,5235259,6464,settement,EU,105,high,2,low,1,1,76.0,7,5,0.6,2,0.4072
finance,password,2605884,2498,breach,EU,197,medium,0,medium,0,1,33.0,167,8,0.78,0,0.0
finance,credit_card,6899046,7855,breach,US,241,high,4,medium,1,1,84.0,144,8,0.31,2,0.5631
retail,password,5681820,6297,settement,EU,313,high,3,high,1,1,48.0,37,6,0.36,1,0.6077
finance,email,7134456,8102,lawsuit,US,123,low,2,low,0,1,55.0,74,9,0.5,0,0.0
retail,SSN,6003296,8958,lawsuit,EU,289,high,1,low,0,0,80.0,167,10,0.92,2,0.4877
retail,credit_card,4699713,4288,settement,EU,20,high,2,low,0,1,73.0,72,4,0.05,2,0.3353
tech,credit_card,3924227,7619,settement,US,240,high,5,medium,0,0,69.0,2,10,0.81,2,0.6133
retail,credit_card,8986826,2088,settement,India,234,high,1,medium,0,1,94.0,163,5,0.17,2,0.5494
tech,password,2677517,3004,breach,US,46,medium,1,high,0,1,33.0,34,9,0.66,0,0.0
retail,SSN,5802038,2951,lawsuit,India,271,high,1,medium,0,1,79.0,43,10,0.15,2,0.6175
healthcare,SSN,6740013,9863,settement,EU,232,low,1,high,0,1,83.0,136,9,0.03,1,0.4192
retail,SSN,1056675,9380,lawsuit,US,105,medium,1,high,0,1,55.0,54,6,0.45,0,0.0
healthcare,SSN,8044846,4835,settement,EU,203,low,3,high,1,1,90.0,47,4,0.15,1,0.6386
healthcare,SSN,2947862,670,lawsuit,India,149,low,4,medium,0,0,64.0,125,10,0.06,2,0.3731
finance,SSN,3542483,2704,settement,India,331,high,3,high,0,1,67.0,71,2,0.99,2,0.9854
retail,credit_card,9694374,3816,breach,India,56,high,3,medium,0,0,98.0,30,8,0.72,2,0.6243
retail,password,4279384,9865,settement,India,79,low,3,medium,1,1,41.0,97,3,0.47,0,0.0
finance,credit_card,2218181,2093,breach,India,175,low,5,high,0,1,61.0,81,2,0.75,2,0.8451
healthcare,email,9339770,6304,settement,US,209,low,3,low,0,0,66.0,145,10,0.8,0,0.0
tech,credit_card,1599099,9703,lawsuit,US,186,high,0,low,0,0,57.0,154,3,0.85,1,0.5003
retail,SSN,1207861,5620,settement,EU,21,low,1,high,1,1,56.0,167,9,0.56,0,0.0
tech,credit_card,4429690,4029,settement,US,330,low,0,medium,0,1,72.0,34,9,0.23,1,0.6009
finance,SSN,7027492,7482,settement,EU,186,low,2,low,0,1,85.0,164,6,0.23,1,0.4265
retail,password,9887226,9921,lawsuit,US,101,medium,0,low,0,1,69.0,60,1,0.32,0,0.0
finance,password,5478093,8158,lawsuit,India,53,medium,1,high,0,1,47.0,14,6,0.48,0,0.0
finance,password,7466106,5984,lawsuit,US,326,high,5,medium,0,0,57.0,37,2,0.48,1,0.5512
tech,password,2445026,5728,lawsuit,India,86,high,0,low,0,0,32.0,45,4,0.25,1,0.3151
healthcare,credit_card,5131076,6526,breach,EU,168,low,4,high,1,1,75.0,137,1,0.49,2,0.6808
tech,password,6222714,5488,lawsuit,India,105,high,5,high,0,0,51.0,84,10,0.35,1,0.6292
healthcare,credit_card,6933667,1687,lawsuit,India,345,high,5,low,0,1,84.0,149,6,0.47,2,0.5262
finance,SSN,3441866,1019,lawsuit,EU,324,medium,0,medium,0,1,67.0,75,5,0.56,1,0.5512
finance,email,6759699,9690,settement,EU,23,high,5,low,0,1,53.0,70,2,0.87,1,0.5755
finance,SSN,8330442,7527,settement,EU,120,medium,2,high,0,1,91.0,58,9,0.93,2,0.5837
retail,credit_card,5948148,8736,lawsuit,US,239,low,3,medium,0,1,79.0,100,2,0.65,1,0.6632
finance,credit_card,7881317,7886,breach,US,197,medium,4,high,0,1,89.0,14,8,0.84,1,0.8914
finance,SSN,5906950,4004,breach,US,230,high,3,low,0,0,79.0,96,7,0.43,2,0.3966
finance,SSN,2275316,7793,lawsuit,US,132,medium,2,low,0,1,61.0,143,6,0.92,2,0.5267
finance,SSN,3697176,3262,breach,EU,218,medium,0,medium,0,1,68.0,13,7,0.5,1,0.5976
finance,credit_card,685029,1234,settement,India,161,high,2,low,0,1,53.0,177,4,0.77,1,0.5613
retail,credit_card,2802742,7719,breach,EU,357,low,0,high,0,0,64.0,112,9,0.72,1,0.4484
tech,SSN,3012786,6874,lawsuit,EU,88,medium,5,medium,0,0,65.0,57,5,0.58,2,0.545
healthcare,SSN,5355552,7971,breach,US,228,low,2,medium,0,1,76.0,156,9,0.43,1,0.6255
tech,credit_card,6440522,3072,settement,US,145,low,3,low,0,0,82.0,90,8,0.39,2,0.3733
healthcare,SSN,5786267,5841,breach,India,195,high,4,high,0,1,78.0,139,7,0.71,2,0.8017
retail,SSN,9353771,4869,settement,US,142,medium,4,high,0,1,96.0,161,3,0.17,2,0.7576
healthcare,password,2593316,1132,breach,US,229,medium,1,high,1,1,32.0,130,4,0.65,0,0.0
tech,email,4877709,3506,breach,EU,190,low,2,medium,0,1,44.0,175,5,0.58,0,0.0
healthcare,password,3513664,3763,settement,US,274,high,1,medium,1,1,37.0,145,6,0.74,1,0.7166
retail,SSN,8169326,9978,lawsuit,EU,166,low,4,low,0,0,90.0,8,10,0.49,2,0.3943
tech,email,1077941,2487,lawsuit,EU,185,medium,4,low,0,1,25.0,14,7,0.39,0,0.0
finance,SSN,5756892,1056,breach,EU,77,medium,4,medium,0,0,78.0,118,1,1.0,2,0.7235
retail,email,4158263,9623,settement,India,260,low,4,low,0,1,40.0,14,3,0.06,0,0.0
healthcare,email,2085504,5167,settement,US,148,low,1,high,0,0,30.0,86,2,0.85,0,0.0
healthcare,email,6700144,2020,lawsuit,India,114,low,3,high,0,1,53.0,157,5,0.04,0,0.0
retail,email,604103,1879,breach,EU,40,low,4,medium,0,0,23.0,145,2,0.61,0,0.0
healthcare,SSN,781641,8097,settement,EU,191,high,1,high,0,1,53.0,154,9,0.49,1,0.5234
retail,password,2465722,1757,breach,India,205,high,1,low,1,1,32.0,89,5,0.89,1,0.4689
retail,email,8003619,7878,breach,US,34,high,2,low,1,1,60.0,169,2,0.14,1,0.3425
retail,email,8211710,1438,settement,India,145,low,5,medium,0,1,61.0,117,1,0.54,0,0.0
healthcare,credit_card,1362303,7778,breach,US,37,high,2,high,0,0,56.0,16,10,0.18,1,0.2609
finance,email,292464,4062,breach,EU,264,low,3,low,0,1,21.0,110,9,0.47,0,0.0
retail,SSN,5419952,5141,lawsuit,EU,163,medium,4,high,0,1,77.0,5,3,0.88,2,0.8759
healthcare,credit_card,6088595,9070,lawsuit,US,286,low,0,medium,0,0,80.0,101,5,0.08,1,0.5091
finance,password,6217074,4070,settement,EU,265,high,4,high,0,1,51.0,57,10,0.08,1,0.7105
retail,password,4474014,1085,lawsuit,EU,310,medium,4,high,0,0,42.0,115,10,0.22,0,0.0
finance,password,3995528,1101,breach,EU,304,high,0,low,0,1,39.0,82,3,0.95,1,0.6127
finance,credit_card,8118654,1204,breach,EU,202,medium,1,low,0,0,90.0,72,3,0.07,1,0.3724
retail,credit_card,2415165,4689,lawsuit,EU,106,low,2,low,0,1,62.0,72,3,0.12,2,0.4587
healthcare,SSN,9796586,377,settement,US,201,medium,1,low,0,1,98.0,13,3,0.52,1,0.5464
healthcare,SSN,444945,470,breach,India,277,high,3,medium,0,1,52.0,88,10,0.97,1,0.7821
tech,SSN,7864426,734,settement,EU,54,low,4,medium,0,1,89.0,66,3,0.13,2,0.5462
healthcare,SSN,8832924,1778,breach,India,220,medium,3,medium,0,1,94.0,11,4,0.32,1,0.5547
tech,credit_card,9993154,2863,lawsuit,India,8,medium,5,medium,0,1,99.0,116,9,0.04,2,0.5569
tech,email,402067,9195,breach,EU,201,medium,3,high,0,0,22.0,74,5,0.26,0,0.0
healthcare,email,2663761,9114,lawsuit,US,268,low,1,medium,0,0,33.0,22,10,0.94,0,0.0
healthcare,SSN,6011334,4024,lawsuit,EU,62,high,2,low,0,1,80.0,41,6,0.59,2,0.6017
finance,SSN,2236883,5655,lawsuit,EU,251,low,2,high,0,0,61.0,174,10,0.71,1,0.3583
finance,credit_card,8593974,9765,breach,India,242,high,4,medium,1,1,92.0,177,7,0.99,2,0.5891
healthcare,SSN,9977844,6815,lawsuit,EU,211,medium,2,medium,0,1,99.0,165,4,0.48,1,0.6439
finance,password,5186773,1667,settement,US,214,medium,3,low,0,1,45.0,13,4,0.92,0,0.0
retail,email,442904,1995,breach,EU,190,high,3,medium,0,1,22.0,152,2,0.42,1,0.5705
tech,email,3760834,4921,breach,EU,190,low,1,high,1,1,38.0,53,1,0.13,0,0.0
tech,SSN,4860221,817,lawsuit,EU,96,medium,2,low,0,1,74.0,77,6,0.63,2,0.6109
tech,password,4538871,6619,settement,India,43,medium,1,medium,0,1,42.0,148,9,0.79,0,0.0
healthcare,SSN,8860690,489,breach,India,47,high,1,high,1,0,94.0,155,2,0.19,2,0.2561
finance,password,4810479,7801,breach,US,63,medium,4,medium,1,1,44.0,158,7,0.17,0,0.0
retail,credit_card,982883,6236,lawsuit,EU,302,high,4,low,1,1,54.0,121,7,0.03,1,0.3134
tech,SSN,8991884,1286,lawsuit,India,205,high,1,medium,1,0,94.0,147,1,0.12,2,0.3552
tech,password,6154973,6133,breach,EU,194,low,1,low,0,1,50.0,119,2,0.56,0,0.0
healthcare,password,1551184,1547,settement,India,138,low,2,low,1,0,27.0,155,3,0.24,0,0.0
healthcare,email,3933747,4578,lawsuit,EU,115,medium,3,low,0,0,39.0,64,5,0.41,0,0.0
finance,credit_card,864663,3886,settement,US,227,medium,4,high,0,0,54.0,137,10,0.18,0,0.0
finance,password,9615742,5768,lawsuit,US,217,high,5,high,0,0,68.0,23,9,0.9,1,0.771
tech,password,3736466,3172,settement,India,295,low,1,high,0,0,38.0,176,6,0.79,0,0.0
finance,credit_card,5971226,2687,lawsuit,India,287,high,4,high,1,0,79.0,86,2,0.95,2,0.6767
healthcare,email,5955075,4390,lawsuit,US,23,high,3,high,0,1,49.0,64,7,0.37,1,0.7362
finance,credit_card,4489198,2392,breach,India,334,medium,2,low,0,0,72.0,130,1,0.9,1,0.4808
tech,SSN,7021988,2317,breach,EU,79,low,5,low,0,1,85.0,92,8,0.26,2,0.4377
healthcare,credit_card,8635012,3213,settement,US,307,medium,3,high,0,1,93.0,30,5,0.52,1,0.7695
retail,credit_card,2000254,7286,lawsuit,US,16,medium,1,low,0,1,60.0,35,5,0.34,0,0.0
healthcare,SSN,4258341,118,breach,India,92,high,4,high,0,1,71.0,37,9,0.71,2,0.9057
finance,SSN,1513760,8281,settement,EU,104,low,2,low,0,1,57.0,94,5,0.05,0,0.0
tech,SSN,593632,9618,breach,India,53,low,0,low,0,1,52.0,158,8,0.95,0,0.0
retail,SSN,1373070,8212,lawsuit,India,211,high,2,medium,0,1,56.0,14,4,0.19,1,0.5331
tech,SSN,1620715,4695,breach,EU,220,low,4,medium,1,1,58.0,75,3,0.98,0,0.0
tech,SSN,9197866,4398,settement,India,178,medium,4,medium,0,1,95.0,97,2,0.92,2,0.7391
healthcare,password,212830,7718,lawsuit,EU,93,medium,0,high,0,1,21.0,77,10,0.28,0,0.0
tech,email,1706243,7095,settement,EU,198,high,5,high,1,0,28.0,33,1,0.59,1,0.5868
healthcare,password,8806586,1300,settement,EU,354,low,3,medium,1,1,64.0,144,5,0.96,0,0.0
healthcare,password,2608622,8722,breach,India,317,high,0,medium,1,0,33.0,134,10,0.9,1,0.5297
healthcare,credit_card,5182377,448,settement,EU,168,low,1,high,0,1,75.0,97,5,0.86,2,0.5205
tech,password,2323523,4022,settement,EU,262,high,2,medium,0,0,31.0,129,7,0.43,1,0.5618
finance,email,2651235,7131,lawsuit,India,167,high,0,medium,0,1,33.0,82,9,0.43,1,0.6065
finance,password,2895100,970,breach,US,89,low,4,medium,0,1,34.0,151,9,0.67,0,0.0
finance,credit_card,2983410,6416,breach,India,28,high,0,high,0,1,64.0,99,7,0.86,2,0.5873
tech,password,815422,2056,settement,EU,110,medium,1,medium,1,1,24.0,50,6,0.41,0,0.0
healthcare,password,7563116,2538,lawsuit,EU,156,medium,1,medium,1,1,57.0,50,10,0.54,0,0.0
tech,credit_card,3878809,6482,lawsuit,EU,140,medium,1,high,0,1,69.0,1,1,0.51,2,0.4513
healthcare,password,3302106,3085,breach,India,134,medium,3,medium,0,1,36.0,166,7,0.8,0,0.0
healthcare,SSN,6934705,9174,lawsuit,India,188,medium,2,medium,0,1,84.0,77,6,0.73,1,0.7346
healthcare,SSN,9805815,2835,lawsuit,EU,124,medium,2,high,0,0,99.0,153,6,0.7,2,0.4677
finance,credit_card,2168354,8511,settement,India,290,low,3,high,0,1,60.0,35,2,0.24,0,0.0
healthcare,SSN,1334572,4585,lawsuit,India,164,medium,3,high,0,1,56.0,66,9,0.48,0,0.0
retail,email,9597394,8467,lawsuit,India,127,low,1,low,0,0,67.0,64,8,0.61,0,0.0
tech,credit_card,7131030,1362,settement,US,43,low,0,medium,0,1,85.0,27,7,0.01,2,0.6091
healthcare,credit_card,6521645,680,settement,EU,232,high,5,medium,0,1,82.0,140,9,0.95,2,0.7051
retail,SSN,8976708,292,settement,EU,79,low,5,low,0,1,94.0,43,6,0.29,2,0.4142
finance,credit_card,9938093,3675,lawsuit,EU,4,high,5,high,1,0,99.0,30,2,0.45,2,0.6531
healthcare,SSN,6870989,4015,settement,India,208,medium,2,high,0,0,84.0,179,10,0.41,1,0.4002
finance,email,1358453,3394,settement,India,361,high,0,low,0,1,26.0,156,7,0.82,1,0.5985
tech,email,4511784,7583,lawsuit,India,338,medium,1,low,1,1,42.0,165,9,0.84,0,0.0
healthcare,password,4255849,1099,settement,US,203,high,3,medium,1,1,41.0,151,10,0.93,1,0.642
finance,email,3831121,9586,lawsuit,US,324,high,1,medium,0,1,39.0,157,7,0.4,1,0.5924
healthcare,SSN,5279172,4245,settement,India,268,low,4,high,0,0,76.0,2,4,0.68,1,0.7796
retail,SSN,3712584,8051,breach,US,210,high,1,high,0,1,68.0,156,7,0.63,2,0.5901
healthcare,SSN,966188,6509,settement,US,310,medium,4,low,1,1,54.0,79,7,0.14,0,0.0
retail,credit_card,6727451,3297,settement,India,309,medium,0,medium,0,0,83.0,65,4,0.07,1,0.4923
tech,credit_card,2410381,9235,lawsuit,EU,155,medium,0,low,0,0,62.0,95,5,0.64,2,0.4287
healthcare,password,8369352,2159,lawsuit,India,111,high,2,medium,0,1,61.0,124,4,0.0,1,0.6373
finance,password,4737319,2971,lawsuit,India,288,high,3,high,0,1,43.0,62,8,0.04,1,0.768
tech,credit_card,1295929,696,settement,India,153,medium,5,low,1,1,56.0,96,2,0.86,0,0.0
healthcare,email,6095645,2132,lawsuit,US,29,high,2,low,1,1,50.0,158,10,0.52,1,0.4416
finance,credit_card,9036949,9521,breach,India,110,high,4,high,0,1,95.0,165,7,0.16,2,0.8292
tech,email,6907117,7363,breach,India,181,high,0,high,0,1,54.0,4,3,0.65,1,0.6262
retail,password,7668857,3774,settement,India,196,high,3,low,0,1,58.0,101,1,0.29,1,0.4933
healthcare,email,1397436,8949,breach,EU,314,low,2,high,0,1,26.0,76,3,0.72,0,0.0
finance,password,3503626,4747,breach,India,47,medium,5,low,0,1,37.0,137,7,0.99,0,0.0
finance,email,1791008,5998,breach,US,111,high,4,medium,1,0,28.0,152,10,0.04,1,0.2979
healthcare,credit_card,5878809,2551,lawsuit,US,326,medium,1,high,1,1,79.0,48,1,0.63,1,0.4926
tech,password,5987417,3651,breach,US,331,medium,4,high,0,1,49.0,132,8,0.75,0,0.0
finance,credit_card,1963889,9773,breach,EU,39,low,4,high,0,1,59.0,124,6,0.86,0,0.0
healthcare,credit_card,6972138,8969,lawsuit,EU,287,high,5,low,0,0,84.0,15,7,0.92,2,0.5539
healthcare,credit_card,2132018,3362,settement,US,309,medium,2,medium,0,0,60.0,147,2,0.87,0,0.0
tech,credit_card,8434840,5355,settement,US,315,medium,0,medium,0,1,92.0,81,3,0.28,1,0.6204
retail,credit_card,240017,3982,settement,India,341,medium,2,high,1,1,51.0,138,1,0.16,0,0.0
finance,SSN,5421712,6560,breach,EU,158,medium,4,low,0,1,77.0,176,8,0.17,2,0.4526
retail,credit_card,451930,8497,settement,US,242,high,0,low,0,1,52.0,64,4,0.97,1,0.526
finance,credit_card,4557766,4600,breach,India,73,high,5,low,0,1,72.0,158,8,0.52,2,0.4887
healthcare,email,240968,3064,lawsuit,EU,363,high,4,medium,0,1,21.0,26,2,0.36,1,0.6081
tech,credit_card,8515668,9214,breach,EU,80,medium,4,low,0,1,92.0,59,1,0.93,2,0.5228
retail,SSN,5216622,7171,breach,EU,6,medium,0,high,0,0,76.0,84,3,0.16,2,0.2381
finance,SSN,3259084,9683,lawsuit,EU,226,medium,1,low,0,1,66.0,150,10,0.07,1,0.4098
healthcare,email,9180253,9132,breach,US,206,high,3,high,0,1,65.0,105,10,0.58,1,0.8853
healthcare,SSN,7504888,4217,lawsuit,EU,27,high,4,low,1,1,87.0,147,6,0.6,2,0.4247
healthcare,credit_card,5814775,9648,lawsuit,EU,102,low,3,low,0,1,79.0,125,5,0.78,2,0.5844
retail,email,3240536,4490,lawsuit,India,166,low,2,medium,0,1,36.0,26,4,0.83,0,0.0
healthcare,credit_card,9486961,2025,settement,India,357,low,1,high,0,1,97.0,18,1,0.58,1,0.4895
tech,email,1936090,6396,breach,US,62,medium,2,low,0,0,29.0,139,8,0.82,0,0.0
finance,credit_card,9168491,4571,breach,EU,113,high,4,low,0,0,95.0,87,10,0.37,2,0.3712
healthcare,password,7544159,153,settement,US,272,high,4,medium,1,1,57.0,101,9,0.31,1,0.4324
finance,SSN,8792690,182,lawsuit,US,357,low,2,medium,0,1,93.0,61,7,0.16,1,0.6199
finance,email,2364162,6501,breach,India,73,low,5,high,0,1,31.0,142,10,0.69,0,0.0
tech,email,2077475,5344,lawsuit,US,256,high,0,low,0,1,30.0,134,4,0.42,1,0.4585
healthcare,credit_card,1898501,6871,settement,US,28,high,3,low,0,1,59.0,154,3,0.1,1,0.4925
retail,email,2119433,4004,settement,EU,322,high,0,low,1,1,30.0,36,6,0.85,1,0.4331
finance,password,1578969,6911,settement,EU,116,low,0,medium,0,1,27.0,138,2,0.49,0,0.0
healthcare,credit_card,5671706,3079,breach,US,7,medium,1,medium,1,1,78.0,52,6,0.78,2,0.6344
healthcare,email,8021364,9527,lawsuit,US,144,high,3,medium,1,0,60.0,76,3,0.52,1,0.4072
retail,credit_card,9092044,4955,settement,US,83,medium,5,low,0,1,95.0,42,4,0.93,2,0.6296
tech,SSN,8334100,118,lawsuit,EU,298,high,3,low,0,0,91.0,135,1,1.0,2,0.5086
retail,SSN,7185872,8811,breach,India,71,high,4,medium,0,1,85.0,54,9,0.49,2,0.5797
tech,email,6920875,6260,lawsuit,India,210,medium,4,high,1,1,54.0,130,8,0.19,0,0.0
retail,credit_card,9137621,8811,settement,India,292,low,3,high,0,1,95.0,87,1,0.99,1,0.8825
retail,SSN,4143535,116,settement,India,57,medium,3,low,0,0,70.0,167,4,0.81,2,0.4143
tech,credit_card,8182883,1284,lawsuit,EU,38,high,1,medium,1,0,90.0,167,8,0.27,2,0.437
finance,email,5029035,2681,settement,India,278,low,0,medium,0,0,45.0,23,6,0.62,0,0.0
healthcare,email,4175482,3299,lawsuit,EU,303,low,2,low,0,0,40.0,112,2,0.47,0,0.0
healthcare,credit_card,9626105,589,lawsuit,India,205,medium,2,high,0,0,98.0,51,3,0.68,1,0.4529
tech,email,4903825,6420,settement,US,295,high,4,high,0,1,44.0,148,4,0.65,1,0.856
retail,SSN,3803177,3061,breach,India,118,medium,0,low,1,1,69.0,135,8,0.57,2,0.3847
healthcare,credit_card,8605008,6679,settement,India,136,high,2,high,0,1,93.0,76,10,0.19,2,0.4565
finance,email,7602748,3146,lawsuit,US,11,high,0,high,0,1,58.0,133,2,0.46,1,0.3948
healthcare,email,309623,3209,lawsuit,US,53,high,1,high,0,1,21.0,133,2,0.61,1,0.4068
healthcare,SSN,4689482,2928,breach,India,33,high,0,high,0,1,73.0,102,6,0.92,2,0.5929
finance,credit_card,9305991,789,breach,US,75,medium,1,low,0,1,96.0,54,3,0.82,2,0.5507
healthcare,SSN,2693794,9075,lawsuit,India,133,low,0,high,0,0,63.0,112,5,0.63,2,0.4946
retail,SSN,5533388,9517,settement,EU,112,low,5,medium,0,0,77.0,86,1,0.75,2,0.6237
finance,email,3294331,9383,lawsuit,EU,226,low,3,low,0,1,36.0,53,6,0.86,0,0.0
tech,email,3332106,4070,breach,US,292,low,0,medium,0,1,36.0,85,10,0.15,0,0.0
retail,email,5290730,5652,breach,India,208,medium,3,high,1,0,46.0,41,8,0.46,0,0.0
tech,SSN,3789963,7206,settement,EU,95,high,4,low,1,0,68.0,157,9,0.21,2,0.3074
tech,credit_card,1492633,1581,settement,EU,332,low,1,high,1,0,57.0,83,2,0.07,0,0.0
tech,SSN,7953017,3317,lawsuit,EU,33,medium,4,low,0,0,89.0,49,9,0.45,2,0.4979
retail,SSN,4856920,3730,lawsuit,US,67,medium,2,high,0,0,74.0,58,5,0.03,2,0.2727
tech,SSN,1410854,4607,breach,India,167,medium,4,low,1,1,57.0,140,3,0.56,0,0.0
finance,email,7691840,4390,breach,US,127,medium,2,medium,0,1,58.0,132,2,0.19,0,0.0
retail,password,4878708,6964,settement,EU,186,medium,1,low,0,1,44.0,80,10,0.61,0,0.0
healthcare,credit_card,4756976,7532,lawsuit,EU,359,medium,2,high,0,1,73.0,55,9,0.93,1,0.6772
finance,SSN,576919,3255,lawsuit,India,139,low,4,low,0,0,52.0,171,8,0.54,0,0.0
healthcare,email,2196690,522,lawsuit,EU,88,low,0,medium,0,0,30.0,91,4,0.17,0,0.0
tech,credit_card,8360922,5838,settement,India,177,low,4,medium,0,0,91.0,76,2,0.7,2,0.5955
tech,SSN,8853545,4724,lawsuit,India,112,high,1,low,0,1,94.0,168,10,0.51,2,0.5611
tech,password,329821,9580,settement,India,71,high,2,high,0,0,21.0,117,1,0.95,1,0.4763
healthcare,credit_card,8202428,1824,lawsuit,India,82,medium,1,medium,0,1,91.0,49,1,0.31,2,0.6062
retail,password,8438712,3799,lawsuit,EU,272,low,5,low,0,0,62.0,175,9,0.86,0,0.0
healthcare,credit_card,4750766,149,breach,EU,226,medium,2,low,0,0,73.0,95,2,0.08,1,0.2791
healthcare,credit_card,3585197,6418,breach,India,238,low,0,high,0,1,67.0,149,9,0.94,1,0.5266
retail,password,8282447,5588,settement,EU,248,medium,2,low,1,0,61.0,4,1,0.09,0,0.0
finance,email,7354172,3539,breach,EU,108,low,4,high,1,1,56.0,104,9,0.21,0,0.0
healthcare,SSN,2539568,9233,lawsuit,EU,226,high,4,low,0,1,62.0,59,4,0.43,2,0.4358
healthcare,password,4058025,4387,settement,EU,337,medium,5,low,0,0,40.0,51,8,0.46,0,0.0
healthcare,email,829791,7099,breach,EU,196,high,4,high,1,1,24.0,27,8,0.01,1,0.5321
healthcare,password,5001546,9524,lawsuit,EU,77,medium,2,medium,0,1,45.0,13,7,0.13,0,0.0
retail,SSN,7949140,5051,settement,EU,181,high,4,medium,0,1,89.0,135,2,0.42,2,0.5883
healthcare,email,6304745,7694,breach,EU,330,medium,0,medium,0,1,51.0,105,6,0.08,0,0.0
retail,SSN,6817525,7504,settement,EU,171,high,4,medium,0,0,84.0,99,5,0.52,2,0.4851
retail,password,2805802,1463,breach,US,69,high,2,high,0,1,34.0,15,7,0.71,1,0.63
healthcare,password,9427807,6532,settement,EU,7,high,2,high,0,1,67.0,109,6,1.0,1,0.6204
finance,password,5614201,7076,breach,US,169,medium,0,high,0,0,48.0,1,6,0.45,0,0.0
finance,password,1148116,8597,settement,India,287,low,1,low,1,1,25.0,103,6,0.65,0,0.0
finance,credit_card,9759681,8419,breach,EU,364,high,1,high,0,1,98.0,2,3,0.43,2,0.4946
finance,SSN,1353144,6647,lawsuit,India,240,high,2,medium,1,1,56.0,28,8,0.49,1,0.5221
finance,email,6025293,7208,settement,US,109,high,5,low,0,1,50.0,111,6,0.16,1,0.5204
healthcare,password,7229161,4376,breach,US,109,medium,2,medium,0,1,56.0,111,6,0.99,0,0.0
tech,password,3758985,4483,breach,US,205,medium,4,medium,0,0,38.0,128,3,0.12,0,0.0
finance,password,1682076,5266,lawsuit,US,252,low,1,low,0,1,28.0,146,6,0.79,0,0.0
healthcare,email,1491036,8334,breach,EU,322,high,0,low,0,1,27.0,136,2,0.67,1,0.5525
finance,credit_card,5135544,9443,lawsuit,India,175,low,0,low,0,0,75.0,142,5,0.47,2,0.4111
tech,SSN,2608411,9707,lawsuit,India,362,low,4,low,1,0,63.0,31,4,0.5,1,0.2355
retail,password,4157532,9177,lawsuit,US,39,low,0,medium,1,0,40.0,148,4,0.91,0,0.0
healthcare,SSN,6290249,228,breach,EU,293,high,3,medium,1,0,81.0,119,3,0.58,2,0.4885
finance,SSN,6429540,1029,settement,EU,188,high,2,medium,0,0,82.0,148,6,0.15,2,0.495
retail,password,7437754,9469,breach,India,204,high,0,medium,0,1,57.0,119,3,0.52,1,0.6311
tech,credit_card,4937600,7523,breach,India,273,medium,2,medium,0,0,74.0,54,4,0.35,1,0.5712
retail,email,4386010,1912,settement,EU,360,high,4,high,0,1,41.0,148,10,0.4,1,0.6946
finance,credit_card,6981571,4300,breach,India,12,low,5,medium,0,1,84.0,141,5,0.36,2,0.6682
healthcare,SSN,9016828,7082,settement,US,272,high,4,medium,0,1,95.0,44,1,0.38,2,0.5976
healthcare,password,5288913,2220,breach,US,306,low,5,medium,0,1,46.0,69,1,0.29,0,0.0
tech,password,6815612,8542,lawsuit,India,345,low,4,low,1,1,54.0,159,5,0.42,0,0.0
finance,password,4320453,9176,lawsuit,EU,79,high,0,medium,0,0,41.0,26,4,0.99,1,0.6855
finance,SSN,6776602,1061,lawsuit,EU,139,low,1,high,0,1,83.0,73,5,0.65,2,0.6324
finance,email,4514070,6351,lawsuit,EU,145,medium,0,high,0,0,42.0,167,4,0.27,0,0.0
healthcare,credit_card,3209823,6165,lawsuit,India,316,low,5,high,1,1,66.0,7,9,0.83,1,0.6555
finance,SSN,2902092,3175,breach,EU,225,high,0,low,0,1,64.0,7,8,0.5,2,0.436
finance,email,9959665,1010,breach,EU,37,high,5,medium,0,1,69.0,88,10,0.86,1,0.7205
finance,SSN,6281757,1031,lawsuit,EU,148,high,3,low,1,1,81.0,77,9,0.08,2,0.306
finance,credit_card,2583814,2152,lawsuit,US,154,low,4,low,0,1,62.0,138,1,0.55,2,0.512
tech,password,1370277,3209,lawsuit,EU,280,low,2,medium,0,1,26.0,145,8,0.37,0,0.0
retail,password,4934594,2048,lawsuit,EU,136,high,5,medium,0,1,44.0,44,5,0.8,1,0.7314
finance,email,4353892,7945,settement,EU,6,low,3,high,1,1,41.0,92,5,0.59,0,0.0
retail,email,143980,7447,lawsuit,India,122,low,5,medium,0,1,20.0,147,6,0.32,0,0.0
finance,SSN,9619395,3235,breach,EU,358,low,4,high,0,1,98.0,169,8,0.79,1,0.9236
tech,password,783877,7511,lawsuit,India,257,low,5,high,0,0,23.0,91,4,0.51,0,0.0
retail,SSN,423381,8875,lawsuit,EU,287,medium,2,medium,0,1,52.0,89,8,0.58,0,0.0
finance,email,9185536,8103,breach,EU,118,low,5,low,0,1,65.0,7,8,0.1,0,0.0
healthcare,password,8816995,5231,settement,US,237,low,0,low,0,1,64.0,16,8,0.61,0,0.0
tech,email,2665749,9207,settement,US,281,low,1,high,0,1,33.0,137,2,0.17,0,0.0
retail,SSN,8513558,3326,lawsuit,EU,89,high,4,high,0,1,92.0,101,8,0.17,2,0.7554
retail,SSN,3715379,1766,lawsuit,US,130,low,0,high,0,1,68.0,170,2,0.1,2,0.4664
retail,SSN,8728148,5154,breach,India,84,low,5,low,0,1,93.0,136,6,0.51,2,0.5071
retail,email,3821887,9108,settement,India,208,low,5,medium,0,1,39.0,3,1,0.34,0,0.0
finance,SSN,3518741,715,lawsuit,EU,8,medium,0,low,0,1,67.0,139,6,0.96,2,0.5823
retail,credit_card,2142912,7219,breach,India,102,high,4,high,0,0,60.0,46,3,0.79,1,0.728
retail,SSN,9164766,2975,breach,US,359,high,2,low,0,1,95.0,149,3,0.43,2,0.494
tech,SSN,7750972,7285,breach,US,336,high,1,medium,0,0,88.0,31,5,0.35,2,0.6453
tech,credit_card,6375825,9640,settement,India,100,low,1,low,1,1,81.0,145,10,0.63,2,0.4652
retail,email,3760505,4997,breach,India,295,low,1,high,0,1,38.0,40,5,0.71,0,0.0
retail,email,443939,2700,breach,EU,324,medium,4,medium,1,1,22.0,135,5,0.04,0,0.0
finance,SSN,3690024,2384,breach,EU,94,high,2,low,1,1,68.0,114,10,0.25,2,0.3657
tech,SSN,1154224,6937,breach,US,154,low,3,high,1,1,55.0,80,3,0.66,0,0.0
finance,credit_card,727331,506,lawsuit,EU,21,medium,3,medium,1,0,53.0,37,2,0.11,0,0.0
tech,email,5780277,1957,settement,India,319,low,0,medium,1,1,48.0,2,1,0.35,0,0.0
finance,SSN,8269541,6138,settement,US,23,high,0,high,0,1,91.0,96,9,0.59,2,0.591
healthcare,credit_card,6537295,1737,lawsuit,US,358,low,2,medium,0,1,82.0,48,2,0.73,1,0.6524
retail,credit_card,2321484,8851,lawsuit,US,251,low,1,high,0,1,61.0,9,5,0.94,1,0.5854
healthcare,credit_card,6209714,4880,breach,EU,293,low,5,low,0,0,81.0,5,3,0.29,1,0.2812
tech,SSN,1555205,924,settement,EU,25,low,3,high,0,1,57.0,179,6,0.17,0,0.0
healthcare,email,5093792,1173,settement,US,165,high,0,high,1,0,45.0,103,1,0.63,1,0.369
finance,SSN,488510,1913,breach,US,222,low,3,low,0,0,52.0,152,8,0.4,0,0.0
finance,SSN,5302358,1373,settement,US,139,low,3,medium,1,1,76.0,47,1,0.16,2,0.4769
tech,email,1253557,2003,settement,India,353,low,5,low,0,0,26.0,70,1,0.85,0,0.0
finance,credit_card,7135897,3268,lawsuit,US,354,medium,3,low,0,1,85.0,124,7,0.43,1,0.5049
finance,password,2277787,4434,breach,US,25,high,5,low,0,1,31.0,157,3,0.21,1,0.5188
tech,password,5731385,190,breach,US,46,high,3,medium,0,1,48.0,105,3,0.95,1,0.7254
healthcare,credit_card,9512997,2875,settement,US,170,medium,5,low,0,1,97.0,77,10,0.9,2,0.5902
retail,SSN,1761462,306,settement,US,150,low,5,medium,0,1,58.0,105,9,0.21,0,0.0
healthcare,SSN,1448947,175,lawsuit,US,131,low,3,low,0,1,57.0,20,6,0.18,0,0.0
finance,password,5171080,4366,lawsuit,EU,77,high,4,low,0,1,45.0,178,8,0.62,1,0.5169
retail,credit_card,6722308,2647,lawsuit,EU,126,high,3,low,0,0,83.0,160,10,0.98,2,0.4418
retail,credit_card,5433019,3639,lawsuit,India,164,high,1,low,0,0,77.0,50,8,0.53,2,0.4122
retail,credit_card,7905428,4896,breach,EU,158,high,0,medium,0,1,89.0,179,7,0.39,2,0.5788
healthcare,SSN,4526121,8335,lawsuit,EU,191,medium,4,high,0,1,72.0,65,6,0.19,1,0.6825
retail,SSN,2165563,6018,breach,US,356,high,3,high,0,1,60.0,106,1,0.8,1,0.8715
healthcare,credit_card,9961559,5430,lawsuit,India,177,low,5,low,0,0,99.0,109,1,0.72,2,0.4094
healthcare,SSN,7428297,189,lawsuit,EU,57,medium,4,medium,0,0,87.0,95,3,0.24,2,0.5329
tech,SSN,2190921,6056,lawsuit,EU,83,low,0,low,0,0,60.0,63,6,0.15,0,0.0
tech,password,6144326,8377,lawsuit,US,4,low,2,high,1,0,50.0,146,4,0.53,0,0.0
tech,email,7580751,3041,lawsuit,India,281,medium,0,high,1,1,57.0,122,10,0.27,0,0.0
tech,SSN,2514024,8412,settement,India,333,high,4,high,0,0,62.0,154,2,0.11,2,0.5749
healthcare,SSN,8900691,1205,lawsuit,EU,253,high,5,medium,0,1,94.0,92,4,0.79,2,0.729
healthcare,SSN,4585258,2710,breach,EU,118,medium,4,medium,1,1,72.0,21,10,0.23,2,0.4928
finance,credit_card,1417842,9599,lawsuit,US,47,high,2,medium,0,1,57.0,145,1,0.67,1,0.6297
tech,email,7438693,8364,breach,US,298,low,2,low,0,1,57.0,41,9,0.07,0,0.0
healthcare,SSN,7500412,4865,breach,US,281,low,4,low,0,1,87.0,4,1,0.4,1,0.4547
finance,password,689725,8126,breach,India,118,high,0,low,0,0,23.0,109,7,0.11,1,0.3213
healthcare,email,9374740,6945,settement,EU,182,low,5,medium,0,1,66.0,166,3,0.07,0,0.0
healthcare,SSN,4743297,9528,settement,US,345,low,2,low,1,1,73.0,168,3,0.58,1,0.3839
healthcare,password,5637289,5020,lawsuit,US,327,high,0,medium,0,1,48.0,142,1,0.96,1,0.6555
finance,SSN,2264429,907,breach,EU,4,low,2,medium,0,1,61.0,68,5,0.35,2,0.5969
healthcare,SSN,286622,2945,breach,US,333,high,0,high,0,1,51.0,128,9,0.81,1,0.6211
healthcare,credit_card,9269511,9965,breach,EU,34,medium,5,high,0,1,96.0,12,9,0.36,2,0.7445
finance,password,514313,8062,settement,US,270,high,1,medium,0,1,22.0,90,2,0.73,1,0.6116
retail,SSN,1708017,2132,breach,India,308,low,0,high,0,1,58.0,63,2,0.79,0,0.0
healthcare,password,5988029,1776,lawsuit,EU,158,low,3,high,0,0,49.0,90,7,0.64,0,0.0
finance,email,1479768,6178,breach,EU,319,low,5,low,1,1,27.0,115,5,0.94,0,0.0
finance,password,679841,1605,lawsuit,EU,364,low,2,medium,0,1,23.0,88,10,0.05,0,0.0
healthcare,SSN,4863894,7976,breach,US,93,medium,4,low,1,1,74.0,168,6,0.82,2,0.4309
finance,SSN,6083199,8651,breach,US,196,high,4,low,0,1,80.0,66,5,0.45,2,0.5943
retail,SSN,404322,370,lawsuit,US,121,medium,1,high,0,1,52.0,71,3,0.37,0,0.0
healthcare,email,22253,7585,breach,US,24,low,4,medium,0,0,20.0,116,4,0.73,0,0.0
finance,SSN,8349022,1747,lawsuit,EU,58,high,4,high,0,0,91.0,32,8,0.41,2,0.6906
finance,SSN,3437252,5908,lawsuit,EU,78,low,0,medium,0,1,67.0,12,5,0.9,2,0.6808
tech,SSN,2682206,8948,breach,EU,230,medium,5,high,0,1,63.0,102,3,0.19,1,0.7404
healthcare,password,8071297,2991,breach,India,181,medium,1,high,0,0,60.0,27,5,0.35,0,0.0
finance,password,6880771,8067,settement,US,236,low,3,medium,1,1,54.0,3,8,0.29,0,0.0
healthcare,SSN,9235082,750,breach,US,52,medium,3,medium,0,0,96.0,61,8,0.48,2,0.5981
healthcare,credit_card,5194734,3408,lawsuit,US,105,high,5,low,0,1,75.0,100,1,0.76,2,0.5762
tech,credit_card,5052646,2511,settement,US,36,high,3,medium,0,0,75.0,141,6,0.03,2,0.3891
finance,SSN,8804208,1330,lawsuit,India,12,low,3,low,0,1,94.0,114,4,0.24,2,0.5067
retail,credit_card,3673277,629,settement,US,213,high,2,high,0,1,68.0,129,3,0.17,2,0.4879
finance,SSN,4819750,9095,lawsuit,EU,204,high,2,low,1,1,74.0,150,2,0.92,2,0.3661
finance,email,4025733,3916,lawsuit,US,345,high,3,medium,0,1,40.0,98,4,0.37,1,0.6455
retail,email,7291213,2921,settement,EU,193,medium,5,medium,0,1,56.0,88,6,0.16,0,0.0
tech,password,7705694,6648,lawsuit,US,150,low,2,low,0,1,58.0,152,3,0.65,0,0.0
healthcare,email,6368712,3553,lawsuit,India,109,high,4,high,0,1,51.0,9,4,0.53,1,0.7882
finance,SSN,188771,689,settement,India,156,low,5,high,0,1,50.0,39,4,0.0,0,0.0
healthcare,credit_card,5071414,6624,lawsuit,India,350,high,0,medium,0,1,75.0,89,2,0.21,2,0.6312
tech,credit_card,289859,987,breach,EU,282,low,3,medium,0,0,51.0,135,7,0.8,0,0.0
retail,password,8742022,1910,settement,US,196,low,2,high,0,0,63.0,10,10,0.68,0,0.0
healthcare,email,7933310,1241,breach,India,91,high,1,medium,0,1,59.0,70,9,0.29,1,0.6113
healthcare,SSN,810178,1419,settement,India,113,low,4,medium,0,0,54.0,153,7,0.65,0,0.0
healthcare,email,2870729,2007,settement,EU,258,low,5,low,1,1,34.0,40,2,0.37,0,0.0
retail,SSN,6125386,4874,settement,US,286,low,3,low,0,0,80.0,115,5,0.01,1,0.366
tech,SSN,6696306,2861,lawsuit,EU,189,medium,0,medium,0,1,83.0,29,2,0.34,1,0.636
healthcare,credit_card,5100154,6611,lawsuit,EU,130,low,1,high,0,1,75.0,9,9,0.87,2,0.5382
retail,SSN,4424408,6397,settement,US,137,high,3,medium,0,1,72.0,72,4,0.45,2,0.6581
finance,email,6729926,6881,settement,US,11,high,3,high,0,0,53.0,170,2,0.55,1,0.7977
finance,password,4809163,2718,settement,India,104,medium,4,medium,0,1,44.0,30,2,0.47,0,0.0
retail,SSN,6041502,8517,settement,India,133,low,3,medium,0,1,80.0,42,6,0.66,2,0.7151
healthcare,credit_card,5009341,3204,lawsuit,US,293,high,1,high,1,0,75.0,71,10,0.11,2,0.2517
finance,SSN,2912190,240,lawsuit,US,321,high,4,low,0,1,64.0,115,5,0.87,2,0.5254
tech,password,2235805,2111,lawsuit,EU,271,low,2,low,0,0,31.0,71,6,0.18,0,0.0
finance,credit_card,1144647,5143,breach,US,194,low,4,low,0,1,55.0,51,7,0.3,0,0.0
finance,SSN,2333214,368,settement,India,38,medium,2,low,0,1,61.0,97,6,0.95,2,0.537
tech,credit_card,3330049,2887,lawsuit,US,181,high,1,medium,0,0,66.0,172,10,0.42,2,0.5214
tech,password,748419,592,settement,EU,261,high,5,medium,0,1,23.0,149,5,0.74,1,0.7378
retail,credit_card,4741039,9390,breach,EU,161,low,4,low,0,1,73.0,160,8,0.85,2,0.6023
tech,credit_card,422280,9275,breach,EU,1,low,4,low,0,1,52.0,127,3,0.15,0,0.0
retail,email,7749670,8808,lawsuit,US,286,low,4,medium,0,1,58.0,111,3,0.13,0,0.0
retail,password,5996134,6091,lawsuit,EU,179,medium,4,high,0,1,49.0,155,8,0.41,0,0.0
healthcare,SSN,5799946,7837,lawsuit,India,271,medium,0,high,1,1,78.0,123,3,0.41,1,0.3536
healthcare,SSN,8890782,4469,lawsuit,EU,344,low,3,high,0,1,94.0,44,5,0.79,1,0.8375
finance,credit_card,8452115,3346,settement,EU,318,high,4,medium,1,1,92.0,29,4,0.2,2,0.4667
tech,email,2519970,5278,breach,India,286,medium,1,medium,0,1,32.0,118,3,0.48,0,0.0
finance,email,9954821,9023,lawsuit,EU,153,high,0,medium,0,1,69.0,68,9,0.88,1,0.7494
finance,credit_card,3888008,3971,breach,US,56,medium,1,low,0,0,69.0,141,10,0.21,2,0.366
finance,credit_card,6072845,2201,breach,India,235,medium,0,low,0,1,80.0,136,1,0.29,1,0.4222
retail,email,7737484,5969,lawsuit,India,354,medium,4,medium,0,1,58.0,45,4,0.54,0,0.0
retail,SSN,8698057,9888,settement,India,127,medium,3,medium,1,1,93.0,77,3,0.55,2,0.631
retail,SSN,3029631,604,breach,India,249,high,2,high,1,1,65.0,135,8,0.53,2,0.3857
tech,password,3458550,1389,settement,US,92,high,1,low,0,1,37.0,0,9,0.95,0,0.0
finance,credit_card,7440103,7089,settement,US,103,medium,3,high,0,0,87.0,80,8,0.57,2,0.6571
retail,credit_card,8326032,727,settement,EU,43,high,5,high,0,1,91.0,85,3,0.02,2,0.6922
retail,password,1521982,9859,breach,India,49,high,1,low,1,1,27.0,179,7,0.88,1,0.4725
tech,credit_card,2571466,324,settement,US,279,high,4,medium,0,1,62.0,60,1,0.65,2,0.703
tech,credit_card,5082820,2562,settement,US,45,high,4,high,0,0,75.0,138,6,0.16,2,0.7253
healthcare,credit_card,7915520,8660,lawsuit,India,12,high,2,high,0,1,89.0,26,9,0.6,2,0.4642
finance,credit_card,8495630,5547,breach,US,125,low,5,low,0,1,92.0,30,3,0.29,2,0.5512
healthcare,SSN,6842300,6139,settement,India,340,medium,5,low,0,1,84.0,66,5,0.14,1,0.4497
healthcare,SSN,563621,4585,settement,EU,31,low,5,medium,0,1,52.0,112,1,0.61,0,0.0
finance,SSN,1501948,4505,settement,EU,285,high,1,medium,0,1,57.0,87,3,0.59,1,0.6024
tech,SSN,2734460,3508,lawsuit,India,121,high,0,low,1,0,63.0,124,9,0.23,2,0.1967
retail,email,9469532,8911,settement,EU,278,low,2,low,0,1,67.0,25,4,0.03,0,0.0
retail,SSN,3618556,8536,settement,US,137,low,0,high,0,1,68.0,27,4,0.34,2,0.4926
finance,SSN,5539917,1522,lawsuit,US,257,low,0,low,0,1,77.0,145,1,0.91,1,0.6142
retail,credit_card,3176684,5037,settement,EU,237,high,0,high,0,1,65.0,89,7,0.78,2,0.5751
finance,SSN,1983243,9268,settement,US,59,medium,1,low,0,0,59.0,156,9,0.71,0,0.0
retail,SSN,5319331,144,breach,US,110,medium,5,high,1,0,76.0,178,3,0.51,2,0.6697
healthcare,SSN,7973368,4082,settement,India,279,high,0,high,0,0,89.0,23,9,0.21,2,0.3527
finance,SSN,8278983,1112,lawsuit,EU,8,low,5,high,0,0,91.0,135,1,0.48,2,0.7014
retail,password,7323153,303,breach,EU,83,medium,2,low,0,1,56.0,47,10,0.4,0,0.0
retail,email,2909056,817,settement,India,246,medium,1,medium,0,0,34.0,56,8,0.51,0,0.0
healthcare,SSN,6195224,4419,breach,India,168,medium,5,high,0,1,80.0,49,5,0.29,2,0.7987
finance,credit_card,234782,3954,settement,India,323,low,2,medium,0,1,51.0,124,8,0.36,0,0.0
retail,credit_card,8096213,1545,lawsuit,India,288,low,4,medium,0,0,90.0,169,6,0.14,1,0.5274
retail,email,8548900,3858,lawsuit,EU,315,high,2,medium,0,1,62.0,65,10,0.4,1,0.6113
finance,SSN,7069132,2205,lawsuit,EU,277,high,5,medium,1,0,85.0,63,7,0.96,2,0.4753
finance,SSN,2902717,715,lawsuit,India,240,medium,0,high,0,1,64.0,9,7,0.72,1,0.5574
retail,SSN,3999422,798,lawsuit,India,73,low,3,low,0,0,69.0,140,7,0.11,2,0.3299
retail,credit_card,96028,7531,breach,US,153,high,2,medium,1,1,50.0,47,6,0.71,1,0.6226
tech,SSN,4116362,9391,breach,US,146,medium,0,high,0,0,70.0,0,1,0.98,0,0.0
retail,password,3642771,4987,breach,EU,347,low,4,low,0,1,38.0,60,1,0.15,0,0.0
tech,email,4976045,5950,lawsuit,US,192,medium,4,high,0,1,44.0,157,6,0.93,0,0.0
retail,email,6653346,7382,lawsuit,US,204,high,0,low,1,1,53.0,137,1,0.3,1,0.4303
finance,SSN,3224522,7710,lawsuit,US,161,medium,5,high,0,0,66.0,99,4,0.04,2,0.4951
finance,credit_card,1712672,2779,breach,India,226,low,2,high,0,0,58.0,147,3,0.74,0,0.0
tech,credit_card,8458411,7217,settement,EU,162,high,3,medium,1,1,92.0,24,7,0.92,2,0.6203
finance,email,1540600,2441,breach,EU,278,high,5,low,0,0,27.0,128,7,0.89,1,0.5301
tech,SSN,6036218,2478,breach,US,16,high,2,low,1,1,80.0,152,8,0.16,2,0.2965
healthcare,SSN,7134131,5795,settement,EU,46,medium,5,medium,0,1,85.0,72,3,0.41,2,0.6771
retail,password,7347562,4600,settement,EU,159,low,5,high,0,0,56.0,144,4,0.26,0,0.0
healthcare,SSN,6608912,2796,settement,EU,271,high,0,low,0,1,83.0,118,5,0.87,2,0.6318
healthcare,password,5684797,295,settement,US,93,medium,4,high,0,1,48.0,51,5,0.69,0,0.0
tech,SSN,6700744,1108,settement,India,277,medium,1,high,1,1,83.0,90,8,0.06,1,0.3403
retail,credit_card,7304693,2873,settement,EU,276,medium,4,high,1,1,86.0,80,7,0.65,1,0.754
tech,email,1125905,3280,lawsuit,EU,101,medium,2,high,0,1,25.0,151,7,0.46,0,0.0
finance,email,5662064,1194,lawsuit,US,131,medium,0,low,1,0,48.0,136,9,0.35,0,0.0
healthcare,SSN,7588676,4995,lawsuit,India,291,high,4,high,1,1,87.0,159,8,0.47,2,0.7097
healthcare,SSN,7773580,5148,settement,EU,191,medium,1,medium,1,0,88.0,111,1,0.24,1,0.4124
tech,password,2121539,3358,breach,India,276,high,2,medium,0,1,30.0,95,5,0.15,1,0.4856
finance,SSN,4203271,6971,breach,EU,326,high,0,low,0,1,71.0,40,6,0.77,2,0.5285
retail,SSN,3202078,4686,settement,US,116,medium,2,low,0,1,66.0,32,9,0.7,2,0.4954
tech,SSN,3290791,7631,settement,US,15,medium,3,high,0,1,66.0,155,4,0.62,2,0.8503
retail,email,9224644,9965,breach,EU,37,low,4,medium,0,1,66.0,87,8,0.92,0,0.0
healthcare,SSN,5498191,7394,settement,EU,273,medium,5,low,0,1,77.0,41,5,0.01,1,0.4297
retail,credit_card,1864236,6179,lawsuit,EU,123,low,2,medium,1,1,59.0,77,8,0.14,0,0.0
healthcare,password,5354912,6194,breach,EU,278,high,1,medium,0,1,46.0,15,7,0.73,1,0.6857
finance,email,4218733,6133,settement,EU,100,low,1,medium,0,1,41.0,89,1,0.7,0,0.0
retail,credit_card,8221038,1653,breach,India,345,high,3,medium,0,0,91.0,110,6,0.8,2,0.6066
finance,credit_card,7947155,1358,lawsuit,EU,61,low,5,high,0,0,89.0,179,4,0.22,2,0.6489
tech,credit_card,9393609,1136,settement,US,271,medium,1,medium,0,0,96.0,49,3,0.04,1,0.4789
finance,credit_card,5290283,4234,settement,US,266,high,1,medium,1,1,76.0,38,10,0.24,2,0.5186
healthcare,SSN,8662957,4272,breach,India,29,medium,4,medium,0,1,93.0,155,7,0.15,2,0.5346
healthcare,email,3711388,160,breach,EU,231,high,4,medium,0,1,38.0,101,5,0.65,1,0.6285
healthcare,SSN,4706815,7649,settement,EU,77,low,0,low,0,1,73.0,142,7,0.6,2,0.5119
tech,SSN,4213377,7461,settement,India,191,medium,5,medium,0,1,71.0,167,10,0.59,1,0.6329
healthcare,credit_card,5282091,5474,settement,US,45,medium,2,low,0,1,76.0,111,1,0.85,2,0.569
retail,credit_card,3134211,5555,lawsuit,India,311,low,5,medium,0,0,65.0,75,3,0.63,1,0.6591
tech,credit_card,3136812,8478,settement,EU,155,high,3,low,0,1,65.0,162,6,0.21,2,0.428
healthcare,password,3938270,8858,breach,India,90,medium,0,medium,0,1,39.0,18,3,0.7,0,0.0
tech,credit_card,1507145,6753,settement,India,284,low,1,low,0,1,57.0,178,10,0.35,0,0.0
finance,SSN,6311114,4986,settement,US,116,medium,0,high,0,1,81.0,41,1,0.23,2,0.4309
tech,email,5312499,6034,breach,EU,86,low,2,low,0,0,46.0,133,3,0.37,0,0.0
tech,credit_card,6923496,5658,settement,US,169,low,4,medium,0,1,84.0,142,2,0.24,2,0.5401
tech,credit_card,2346704,8532,lawsuit,EU,55,high,3,medium,0,0,61.0,22,3,0.92,2,0.627
healthcare,email,942768,7229,settement,India,343,high,2,medium,1,1,24.0,78,9,0.93,1,0.5588
finance,SSN,8988114,4069,settement,India,51,high,5,low,0,1,94.0,91,8,0.18,2,0.4715
tech,password,3178902,2530,settement,EU,56,medium,4,low,0,1,35.0,156,5,0.7,0,0.0
retail,email,1225744,6938,breach,US,206,high,3,low,0,1,26.0,29,6,0.61,1,0.5054
healthcare,password,4962828,1981,settement,EU,54,low,3,low,0,1,44.0,125,9,0.91,0,0.0
healthcare,SSN,745748,6408,settement,India,52,medium,0,low,0,1,53.0,76,10,0.1,0,0.0
tech,email,5680042,291,settement,India,152,medium,3,low,0,0,48.0,129,2,0.61,0,0.0
retail,SSN,7413620,3719,lawsuit,US,311,high,4,high,0,1,87.0,142,10,0.51,2,0.806
retail,password,1013384,3108,breach,US,222,high,1,high,0,1,25.0,130,7,0.65,1,0.6048
retail,email,5072915,6639,breach,India,164,low,3,medium,0,1,45.0,24,6,0.75,0,0.0
tech,SSN,7011131,7224,breach,EU,203,low,1,medium,0,1,85.0,58,8,0.63,1,0.681
finance,credit_card,3120612,1872,lawsuit,India,178,high,2,high,0,1,65.0,150,7,0.02,2,0.3743
healthcare,email,4100906,1360,settement,India,247,medium,5,high,1,0,40.0,49,1,0.62,0,0.0
tech,SSN,4139286,3105,breach,EU,289,medium,5,medium,0,1,70.0,88,1,0.12,1,0.5887
finance,credit_card,5784182,9356,lawsuit,India,16,medium,3,high,0,1,78.0,12,9,0.53,2,0.8521
healthcare,credit_card,2472378,2253,settement,India,88,medium,5,low,1,0,62.0,103,3,0.39,2,0.1826
healthcare,email,8794380,9567,breach,India,69,low,4,medium,0,1,63.0,122,3,0.21,0,0.0
tech,password,520165,2950,settement,EU,194,low,0,high,0,1,22.0,86,8,0.97,0,0.0
healthcare,SSN,3773763,2849,settement,EU,100,low,0,medium,0,0,68.0,6,8,0.53,2,0.4973
finance,email,8478276,6159,breach,US,71,high,4,medium,0,1,62.0,77,8,0.96,1,0.7773
retail,password,9889679,5139,breach,India,8,medium,3,high,0,1,69.0,92,10,0.69,0,0.0
retail,password,9845689,3506,lawsuit,EU,334,medium,0,low,0,1,69.0,163,10,0.55,0,0.0
finance,password,3901379,6955,lawsuit,US,91,low,3,high,1,0,39.0,12,4,0.7,0,0.0
healthcare,credit_card,3213883,7360,breach,US,182,low,2,low,0,0,66.0,167,9,0.12,1,0.3859
healthcare,credit_card,5554535,6937,settement,US,194,high,3,high,0,1,77.0,107,10,0.53,2,0.7886
finance,password,3747169,3418,lawsuit,EU,238,low,1,low,0,1,38.0,172,2,0.71,0,0.0
finance,password,9668788,1103,settement,EU,136,high,3,high,0,1,68.0,40,2,0.38,1,0.7541
retail,credit_card,7227585,8375,breach,EU,55,low,5,medium,0,1,86.0,145,4,0.66,2,0.6008
retail,credit_card,6120848,8445,lawsuit,India,104,medium,2,high,0,0,80.0,77,9,0.64,2,0.4654
tech,credit_card,5138997,8189,breach,US,98,high,4,high,0,0,75.0,34,7,0.94,2,0.8465
finance,SSN,2756063,4351,lawsuit,EU,94,low,3,high,1,0,63.0,110,1,0.86,2,0.6975
retail,email,3457653,4849,breach,US,275,low,5,high,0,1,37.0,176,3,0.01,0,0.0
healthcare,password,1028557,3604,breach,US,326,low,0,medium,1,1,25.0,66,2,0.93,0,0.0
finance,SSN,8416414,8352,settement,India,235,medium,2,low,0,1,92.0,169,7,0.23,1,0.5616
retail,SSN,517409,2430,breach,India,103,high,5,medium,0,1,52.0,63,1,0.61,1,0.6658
healthcare,SSN,6155512,2446,settement,EU,176,low,3,low,0,1,80.0,111,10,0.93,2,0.5671
tech,credit_card,2964944,4666,breach,US,152,low,1,low,0,0,64.0,11,4,0.08,2,0.3474
tech,SSN,8938492,8648,breach,EU,212,low,5,medium,0,0,94.0,25,3,0.28,1,0.4962
finance,credit_card,3244087,3377,lawsuit,India,42,low,2,low,0,1,66.0,87,2,0.91,2,0.6269
finance,SSN,5753613,9883,breach,US,14,low,0,low,1,1,78.0,175,1,0.84,2,0.47
finance,password,1527534,2681,lawsuit,India,290,medium,4,high,0,1,27.0,129,7,0.65,0,0.0
tech,SSN,274146,5966,settement,US,202,high,2,high,0,1,51.0,1,5,0.78,1,0.4493
retail,email,1616777,2863,settement,US,321,medium,0,low,0,0,28.0,139,9,0.95,0,0.0
finance,SSN,9911074,9865,settement,US,106,high,0,high,0,1,99.0,28,8,0.61,2,0.5541
finance,SSN,5548094,876,breach,EU,65,low,4,low,0,1,77.0,150,5,0.78,2,0.6264
finance,password,8812940,5974,settement,US,61,medium,3,low,0,1,64.0,164,2,0.18,0,0.0
finance,SSN,5496671,4470,lawsuit,EU,236,medium,0,low,1,1,77.0,95,2,0.6,1,0.4174
finance,SSN,5038285,8220,breach,EU,31,medium,5,medium,0,0,75.0,146,6,0.58,2,0.534
retail,SSN,2616804,4638,breach,India,166,low,5,medium,0,0,63.0,56,4,0.92,2,0.6389
retail,credit_card,9312768,2330,settement,US,241,low,2,low,0,0,96.0,18,7,0.79,1,0.4569
finance,SSN,6763126,4277,breach,US,178,medium,4,high,0,1,83.0,65,8,0.98,2,0.882
finance,credit_card,8222252,9112,settement,EU,332,high,1,high,0,1,91.0,153,7,0.38,2,0.4593
tech,password,4890084,9207,breach,EU,317,high,4,medium,0,1,44.0,164,5,0.61,1,0.6037
healthcare,password,659003,2707,settement,US,187,low,2,medium,0,1,23.0,158,3,0.03,0,0.0
healthcare,SSN,9255791,8124,lawsuit,US,266,high,1,low,1,1,96.0,120,7,0.43,2,0.3591
retail,credit_card,4080441,3658,settement,US,340,low,0,low,0,1,70.0,77,1,0.6,1,0.4295
tech,email,910245,9180,breach,India,245,high,2,low,0,1,24.0,167,5,0.5,1,0.523
finance,SSN,8658768,6365,settement,US,9,low,3,low,0,1,93.0,19,10,0.23,2,0.3603
healthcare,email,3297903,3340,lawsuit,US,355,medium,4,medium,0,1,36.0,14,1,0.79,0,0.0
tech,email,3438172,5888,breach,India,304,high,2,high,0,1,37.0,62,6,0.11,1,0.498
healthcare,email,6337356,8401,breach,EU,184,low,1,high,0,1,51.0,153,2,0.18,0,0.0
tech,password,1887963,8530,lawsuit,EU,271,high,0,low,0,1,29.0,21,1,0.32,1,0.4723
tech,credit_card,7332006,1017,breach,EU,238,medium,4,medium,0,0,86.0,143,7,0.47,1,0.5437
tech,SSN,3309505,5692,lawsuit,India,188,medium,1,low,1,1,66.0,106,4,0.41,1,0.3367
retail,password,9602869,5097,settement,EU,283,medium,4,high,0,1,68.0,14,10,0.77,0,0.0
retail,credit_card,8325454,212,settement,India,118,high,5,medium,0,1,91.0,125,10,0.01,2,0.6227
tech,password,7546189,6004,settement,US,297,high,1,medium,0,1,57.0,37,7,0.0,1,0.507
tech,credit_card,9138344,1790,breach,EU,60,medium,2,medium,0,0,95.0,11,10,0.12,2,0.4353
finance,credit_card,2087213,7966,breach,India,246,low,4,medium,0,1,60.0,20,10,0.98,0,0.0
healthcare,credit_card,8678828,8679,lawsuit,US,340,high,5,high,1,1,93.0,86,4,0.54,2,0.6745
finance,SSN,7847613,6149,breach,India,20,medium,2,low,0,1,89.0,31,10,0.27,2,0.5159
retail,email,4658851,6581,breach,India,263,high,4,low,1,1,43.0,45,2,0.72,1,0.4755
finance,email,2593536,9241,breach,US,363,low,4,high,0,0,32.0,74,1,0.38,0,0.0
retail,email,910711,8666,lawsuit,US,284,high,0,high,0,1,24.0,144,8,0.4,1,0.4649
tech,SSN,8211880,2900,lawsuit,US,274,low,5,low,0,1,91.0,37,10,0.43,1,0.398
tech,SSN,8292860,8084,settement,India,169,low,2,high,1,0,91.0,17,5,0.72,2,0.4113
tech,email,3875910,9789,breach,US,226,high,2,medium,0,0,39.0,106,1,0.15,1,0.4141
finance,password,5218092,9548,breach,EU,85,medium,1,high,1,1,46.0,30,1,0.39,0,0.0
finance,SSN,1686996,6041,settement,India,223,low,2,high,0,1,58.0,98,8,0.53,0,0.0
tech,password,6914283,4790,lawsuit,US,206,high,4,high,0,1,54.0,49,4,0.86,1,0.9876
healthcare,credit_card,6840789,4768,settement,India,330,high,5,low,0,0,84.0,160,8,0.57,2,0.4255
finance,credit_card,2950281,5620,lawsuit,India,270,medium,0,low,1,1,64.0,25,6,0.18,1,0.2655
healthcare,SSN,4953075,1761,lawsuit,EU,211,low,3,high,0,1,74.0,141,7,0.03,1,0.654
finance,SSN,9069055,8407,breach,EU,88,medium,4,high,1,1,95.0,105,3,0.5,2,0.5893
finance,password,8875365,1352,lawsuit,EU,165,low,3,low,1,1,64.0,164,7,0.88,0,0.0
tech,password,8752063,6424,breach,EU,94,low,3,high,0,0,63.0,51,3,0.86,0,0.0
healthcare,email,6311208,7314,settement,US,107,high,3,low,0,0,51.0,91,3,0.09,1,0.2736
finance,SSN,125932,2009,breach,US,128,medium,2,medium,0,1,50.0,63,4,0.09,0,0.0
retail,SSN,2339377,3071,breach,US,271,high,1,high,1,1,61.0,160,10,0.06,2,0.3098
tech,SSN,2879117,3589,settement,US,86,medium,1,low,0,0,64.0,37,7,0.53,2,0.4424
finance,credit_card,7029722,916,breach,US,300,low,4,medium,0,1,85.0,142,6,0.8,1,0.6326
retail,email,9242354,8072,lawsuit,EU,52,medium,3,high,1,1,66.0,45,6,0.35,0,0.0
finance,SSN,4265423,1437,settement,US,302,low,1,high,1,1,71.0,72,8,0.86,1,0.4364
retail,email,4610688,4001,lawsuit,US,49,high,5,low,0,1,43.0,97,6,0.54,1,0.487
healthcare,credit_card,2789363,3706,breach,EU,128,high,1,medium,0,1,63.0,94,5,0.7,2,0.6537
tech,SSN,5505381,6744,lawsuit,India,359,high,2,low,0,1,77.0,143,2,0.84,2,0.5132
healthcare,SSN,2892005,2880,settement,US,228,high,4,high,0,0,64.0,98,4,0.1,2,0.6379
retail,email,3111691,1316,lawsuit,India,49,medium,4,medium,0,1,35.0,25,4,0.83,0,0.0
finance,credit_card,6350449,9508,lawsuit,US,241,medium,5,medium,0,1,81.0,137,7,0.05,1,0.6155
healthcare,SSN,5018650,9088,settement,US,216,low,1,medium,1,1,75.0,133,9,0.02,1,0.4492
retail,password,9377079,9161,lawsuit,EU,205,medium,3,medium,1,1,66.0,127,7,0.19,0,0.0
tech,SSN,3266962,9024,lawsuit,EU,169,low,4,low,1,1,66.0,165,5,0.64,2,0.4122
retail,credit_card,8502598,5219,lawsuit,EU,190,medium,3,medium,1,0,92.0,105,3,0.6,1,0.4395
tech,credit_card,4205955,3516,lawsuit,EU,146,low,5,medium,0,0,71.0,41,8,0.65,2,0.5358
retail,email,8504967,9023,breach,EU,39,high,3,medium,1,1,62.0,81,7,0.3,1,0.4959
retail,email,8840765,4844,settement,US,141,high,2,low,0,0,64.0,55,6,0.67,1,0.4695
tech,SSN,7243447,5977,breach,India,310,low,5,high,0,1,86.0,88,7,0.2,1,0.6936
retail,email,6343057,6576,settement,EU,162,high,2,low,0,1,51.0,66,4,0.04,1,0.3737
finance,SSN,6424959,9679,lawsuit,India,210,high,1,low,0,1,82.0,68,6,0.14,2,0.4505
finance,password,7436697,1091,breach,EU,113,low,1,high,0,0,57.0,129,9,0.26,0,0.0
healthcare,password,6170912,6436,breach,India,340,low,0,medium,0,0,50.0,177,6,0.25,0,0.0
retail,email,464001,2889,breach,India,191,high,0,low,0,1,22.0,175,8,0.13,1,0.4737
healthcare,credit_card,6012493,3975,breach,India,12,medium,1,medium,0,1,80.0,174,3,0.85,2,0.7488
retail,password,4071028,944,breach,EU,351,low,2,high,0,1,40.0,135,4,0.66,0,0.0
finance,credit_card,6035207,2808,lawsuit,US,271,medium,3,medium,1,1,80.0,118,8,0.01,1,0.4265
healthcare,email,6723090,6687,lawsuit,EU,152,low,3,low,1,1,53.0,95,8,0.06,0,0.0
healthcare,email,7965443,3457,settement,US,77,high,3,high,0,1,59.0,34,4,0.42,1,0.8037
finance,password,1723907,2153,lawsuit,US,84,low,3,medium,0,0,28.0,63,3,0.62,0,0.0
retail,password,5859338,7687,lawsuit,India,188,high,2,high,0,1,49.0,12,3,0.89,1,0.5424
tech,credit_card,7018403,3707,breach,US,302,medium,1,high,0,1,85.0,68,1,0.9,1,0.557
tech,credit_card,3899606,3764,lawsuit,US,48,medium,2,low,0,1,69.0,72,8,0.69,2,0.488
healthcare,SSN,6390308,9377,settement,US,212,high,5,low,0,1,81.0,40,10,0.14,2,0.4828
retail,credit_card,9025327,3883,settement,US,338,low,2,medium,0,1,95.0,24,5,0.91,1,0.6937
tech,SSN,8469865,6818,settement,US,353,medium,0,low,0,0,92.0,45,7,0.66,1,0.4567
finance,SSN,4820075,7124,lawsuit,India,292,high,2,medium,1,1,74.0,38,10,0.31,2,0.5734
tech,password,7947232,5726,breach,India,318,medium,0,medium,0,1,59.0,62,9,0.57,0,0.0
tech,credit_card,5229566,3172,breach,US,105,low,1,medium,0,1,76.0,14,6,0.18,2,0.6018
healthcare,email,5313399,5794,lawsuit,US,152,high,3,high,1,0,46.0,144,10,0.51,1,0.6724
retail,email,3326315,5931,settement,US,48,medium,2,medium,0,1,36.0,143,9,0.41,0,0.0
finance,email,752518,171,breach,US,138,high,4,medium,1,0,23.0,76,1,0.4,1,0.4348
finance,credit_card,7712634,4857,settement,US,31,medium,3,high,0,0,88.0,36,2,0.89,2,0.8128
tech,SSN,8527086,4168,lawsuit,US,93,low,2,low,0,0,92.0,167,9,0.25,2,0.3221
tech,password,3414654,3822,breach,India,90,medium,1,low,0,0,37.0,53,3,0.36,0,0.0
retail,SSN,4313717,8812,settement,EU,279,medium,2,medium,0,1,71.0,125,6,0.54,1,0.7208
tech,SSN,3869452,7072,settement,India,152,high,0,high,0,1,69.0,137,4,0.73,2,0.4348
tech,SSN,8657691,2681,settement,EU,10,medium,3,medium,0,0,93.0,8,9,0.28,2,0.4736
tech,password,7366624,3256,lawsuit,US,137,high,2,medium,0,1,56.0,171,1,0.77,1,0.6787
retail,credit_card,5911184,7716,lawsuit,EU,334,high,4,high,1,1,79.0,89,7,0.24,2,0.6242
retail,SSN,9350220,8260,lawsuit,EU,106,low,1,medium,0,0,96.0,45,10,0.08,2,0.4091
tech,SSN,7823636,6179,lawsuit,US,323,high,5,medium,0,0,89.0,87,7,0.95,2,0.6337
retail,email,2320124,3949,lawsuit,India,206,high,3,low,0,1,31.0,50,6,0.97,1,0.5966
finance,password,3595804,224,settement,US,301,high,5,high,0,1,37.0,112,10,0.34,1,0.7327
finance,SSN,3499408,7839,settement,India,23,low,1,low,1,0,67.0,45,1,0.7,2,0.4028
finance,credit_card,3879450,9321,lawsuit,EU,338,medium,3,low,1,1,69.0,8,6,0.25,1,0.3393
retail,SSN,4992536,589,breach,US,213,low,4,high,0,1,74.0,154,3,0.29,1,0.6889
healthcare,email,8103873,3621,breach,India,18,low,5,low,0,0,60.0,33,5,0.36,0,0.0
tech,SSN,5357430,9872,breach,EU,324,high,5,medium,0,1,76.0,94,7,0.14,2,0.6232
retail,email,6474507,2526,settement,India,57,high,2,high,0,0,52.0,88,8,0.7,1,0.4847
finance,SSN,6050850,5466,lawsuit,US,343,low,5,low,0,0,80.0,99,5,0.41,1,0.3498
retail,SSN,6169563,7186,breach,India,344,high,5,medium,1,0,80.0,32,5,0.81,2,0.4565
tech,SSN,7314834,5358,settement,India,216,high,1,medium,0,0,86.0,47,1,0.34,2,0.4746
tech,password,1163189,2087,settement,US,330,low,3,medium,0,1,25.0,4,4,0.58,0,0.0
healthcare,email,9441815,2295,lawsuit,EU,147,low,2,high,1,1,67.0,47,7,0.77,0,0.0
tech,password,8091736,3658,settement,India,362,low,1,medium,1,1,60.0,177,8,0.04,0,0.0
finance,credit_card,4903059,1948,lawsuit,US,111,medium,0,low,0,1,74.0,65,9,0.38,2,0.4756
retail,password,3100555,5159,settement,India,58,low,1,medium,0,1,35.0,140,9,0.94,0,0.0
tech,SSN,1584246,9298,settement,US,281,high,4,low,0,0,57.0,2,10,0.87,1,0.5827
tech,password,5538803,9838,lawsuit,EU,185,low,2,low,0,1,47.0,110,6,0.49,0,0.0
finance,credit_card,4476156,3745,settement,US,323,low,5,low,0,1,72.0,40,6,0.62,1,0.5239
healthcare,SSN,3342861,8563,lawsuit,EU,214,medium,0,low,0,1,66.0,114,7,0.33,1,0.4873
finance,SSN,193512,7679,breach,US,106,high,2,low,0,0,50.0,151,2,0.9,1,0.5141
finance,password,5935261,1148,lawsuit,US,190,high,4,high,0,0,49.0,58,3,0.37,1,0.6426
healthcare,password,6922983,1547,breach,US,152,high,3,high,0,1,54.0,150,1,0.52,1,0.798
finance,email,5495339,9271,breach,EU,219,low,1,low,0,1,47.0,83,3,0.37,0,0.0
finance,SSN,789443,1604,settement,US,287,low,1,low,0,0,53.0,42,6,0.35,0,0.0
retail,email,5371807,5006,settement,EU,125,high,0,low,0,1,46.0,40,4,0.7,1,0.5939
healthcare,password,1035586,6427,settement,EU,298,high,1,medium,0,0,25.0,138,8,0.06,1,0.5086
tech,email,7900284,2524,settement,US,199,medium,1,medium,0,1,59.0,98,5,0.95,0,0.0
tech,SSN,3294705,4264,settement,US,139,medium,4,medium,0,1,66.0,55,9,0.17,2,0.6929
healthcare,email,5084801,8285,settement,EU,242,medium,3,medium,0,1,45.0,106,1,0.93,0,0.0
healthcare,credit_card,4810109,7465,settement,India,75,high,2,low,1,0,74.0,85,4,0.56,2,0.2455
finance,credit_card,2678747,5147,settement,India,23,high,5,low,0,1,63.0,47,9,0.82,2,0.5077
healthcare,SSN,209944,3443,breach,India,363,low,4,low,0,1,51.0,16,1,0.99,0,0.0
healthcare,password,1231746,7379,breach,EU,306,high,5,high,1,1,26.0,5,3,0.07,1,0.7108
healthcare,credit_card,76388,6789,breach,EU,231,low,4,low,0,1,50.0,111,3,0.71,0,0.0
retail,credit_card,5446315,6519,lawsuit,US,51,medium,3,high,0,1,77.0,48,3,0.18,2,0.7281
healthcare,credit_card,738954,1709,lawsuit,EU,249,high,2,high,0,0,53.0,61,10,0.48,1,0.3261
tech,SSN,4836451,5718,breach,India,64,medium,5,low,0,1,74.0,167,6,0.18,2,0.508
healthcare,email,763371,6643,lawsuit,US,76,medium,3,high,0,1,23.0,49,6,0.75,0,0.0
retail,credit_card,2711527,3291,settement,EU,15,medium,1,medium,0,0,63.0,104,3,0.87,2,0.6456
healthcare,credit_card,1047161,1856,breach,US,194,medium,0,high,0,1,55.0,173,5,0.43,0,0.0
retail,email,5440433,2865,breach,India,202,medium,1,low,0,1,47.0,50,10,0.4,0,0.0
healthcare,password,9451012,8005,breach,India,313,high,0,high,0,0,67.0,33,7,0.2,1,0.3865
healthcare,email,9558540,1819,settement,India,56,high,1,low,0,1,67.0,111,4,0.02,1,0.3413
retail,email,8280143,1069,settement,India,20,high,0,medium,0,1,61.0,179,2,0.44,1,0.6029
tech,credit_card,1582420,5092,settement,US,266,high,0,high,0,1,57.0,150,4,0.78,1,0.6444
tech,credit_card,5366986,707,lawsuit,India,141,high,5,medium,0,1,76.0,121,7,0.76,2,0.6481
retail,credit_card,5995376,749,settement,US,253,high,3,high,0,1,79.0,146,4,0.55,2,0.7916
tech,password,342207,2772,settement,EU,72,low,5,medium,0,1,21.0,43,3,0.21,0,0.0
healthcare,SSN,889036,3378,lawsuit,India,253,medium,4,medium,0,0,54.0,14,10,0.23,0,0.0
retail,SSN,3568675,8937,breach,India,109,medium,4,low,1,1,67.0,5,4,0.69,2,0.3842
finance,password,2055780,799,breach,EU,153,high,5,low,1,1,30.0,65,7,0.79,1,0.5106
tech,credit_card,9968246,6510,settement,US,262,high,4,high,0,0,99.0,50,5,0.57,2,0.7038
retail,email,872522,4347,settement,US,320,low,4,low,0,1,24.0,73,5,0.72,0,0.0
retail,credit_card,9920422,3683,settement,EU,29,low,3,medium,0,1,99.0,124,6,0.67,2,0.693
finance,credit_card,5638025,8200,lawsuit,India,245,low,3,high,0,0,78.0,65,5,0.16,1,0.6439
finance,credit_card,8374296,4522,lawsuit,EU,17,medium,1,medium,0,0,91.0,67,5,0.72,2,0.5867
finance,password,4094886,7778,settement,EU,145,medium,5,high,0,0,40.0,167,4,0.07,0,0.0
healthcare,password,1829022,246,breach,EU,62,medium,1,high,0,0,29.0,116,6,0.28,0,0.0
healthcare,password,9855352,1235,breach,EU,79,low,5,low,0,1,69.0,51,2,0.71,0,0.0
healthcare,email,579688,9967,breach,EU,19,high,3,high,0,1,22.0,107,5,0.26,1,0.7914
tech,password,3890877,2655,lawsuit,EU,22,high,3,medium,0,1,39.0,57,4,0.29,1,0.6194
tech,password,2563605,7423,lawsuit,India,77,medium,3,medium,0,0,32.0,23,4,0.69,0,0.0
tech,SSN,4110803,7757,settement,US,154,medium,4,high,1,0,70.0,78,9,0.88,2,0.626
retail,email,4482617,780,lawsuit,India,149,medium,1,low,1,1,42.0,171,10,0.29,0,0.0
healthcare,password,2212738,1054,settement,EU,295,high,2,low,0,1,31.0,121,4,0.07,1,0.4018
finance,SSN,6644433,4691,settement,India,168,medium,3,medium,0,1,83.0,114,7,0.1,2,0.5936
healthcare,credit_card,9728138,5039,breach,EU,275,medium,3,medium,0,1,98.0,1,2,0.41,1,0.6155
finance,SSN,9640564,5046,settement,US,237,high,3,low,0,0,98.0,88,8,0.49,2,0.3825
healthcare,password,2354847,7929,settement,India,53,high,4,medium,0,1,31.0,35,7,0.08,1,0.5173
tech,credit_card,9747919,5734,settement,India,15,low,4,medium,0,1,98.0,132,3,0.52,2,0.6211
tech,email,6760291,4652,breach,US,251,low,5,high,0,0,53.0,96,2,0.84,0,0.0
retail,SSN,3703418,857,lawsuit,US,240,high,5,low,0,0,68.0,110,9,0.26,2,0.3215
finance,password,9077760,8906,lawsuit,EU,128,high,1,high,0,1,65.0,144,4,0.81,1,0.5754
finance,password,5533410,3460,lawsuit,EU,91,high,3,medium,0,0,47.0,149,7,0.14,1,0.4669
tech,credit_card,5447079,4863,lawsuit,India,29,low,1,high,0,0,77.0,157,10,0.59,2,0.4204
healthcare,credit_card,7733752,369,settement,US,295,low,1,high,1,1,88.0,45,8,0.72,1,0.4815
tech,credit_card,8557255,6326,breach,EU,34,medium,0,medium,1,1,92.0,160,1,0.89,2,0.5871
tech,password,3648371,4182,settement,India,348,high,0,medium,0,1,38.0,51,10,0.91,1,0.7113
finance,email,2867757,7474,lawsuit,EU,224,medium,1,low,1,0,34.0,17,10,0.16,0,0.0
tech,password,7375626,2624,settement,US,188,low,3,high,0,1,56.0,124,4,0.81,0,0.0
retail,email,471529,4304,breach,EU,218,high,4,low,1,1,22.0,68,4,0.1,1,0.3327
healthcare,password,7487327,2790,lawsuit,EU,218,low,0,medium,0,1,57.0,87,1,0.11,0,0.0
retail,SSN,3258945,6001,lawsuit,US,158,low,4,medium,1,0,66.0,110,6,0.66,2,0.4696
finance,email,1244294,8776,settement,US,85,high,0,high,0,1,26.0,52,2,0.25,1,0.4452
tech,SSN,9923462,7356,lawsuit,India,313,high,5,medium,0,0,99.0,133,8,0.9,2,0.5426
tech,password,8371043,3859,breach,India,34,medium,4,low,0,1,61.0,159,5,0.97,0,0.0
healthcare,SSN,4114640,790,breach,India,289,high,2,high,0,0,70.0,58,6,0.54,2,0.3751
tech,email,7597585,6341,breach,India,281,medium,1,high,0,1,57.0,28,3,0.66,0,0.0
retail,credit_card,8153885,9561,lawsuit,India,132,low,1,low,1,1,90.0,122,2,0.52,2,0.4248
finance,credit_card,6986945,2518,breach,India,329,high,1,low,1,1,84.0,86,3,0.36,2,0.4076
finance,password,7237694,3459,breach,EU,188,low,3,low,0,0,56.0,109,6,0.75,0,0.0
tech,email,9731665,2032,settement,EU,163,medium,1,high,1,0,68.0,99,8,0.74,0,0.0
tech,credit_card,7360201,3373,settement,EU,306,low,4,medium,0,1,86.0,151,7,0.54,1,0.6807
tech,email,735275,8576,settement,US,38,low,2,high,0,1,23.0,108,5,0.96,0,0.0
retail,SSN,9323004,3819,settement,India,46,low,4,low,1,0,96.0,102,9,0.11,2,0.1693
tech,credit_card,9250677,2096,lawsuit,India,211,high,0,low,0,1,96.0,105,2,0.7,2,0.5479
finance,SSN,8875883,6915,breach,India,357,high,3,medium,0,1,94.0,43,3,0.81,2,0.6653
finance,credit_card,8144478,2261,lawsuit,EU,80,high,3,low,1,1,90.0,23,6,0.23,2,0.3053
tech,credit_card,3714543,4813,settement,EU,89,high,4,high,1,1,68.0,27,1,0.65,2,0.7507
